[s],CH1[V],CH2[V]
3.9300E-01,4.000E-04,8.000E-01
3.9310E-01,1.200E-03,7.800E-01
3.9320E-01,1.200E-03,8.200E-01
3.9330E-01,4.000E-04,8.000E-01
3.9340E-01,-4.000E-04,7.800E-01
3.9350E-01,-4.000E-04,7.800E-01
3.9360E-01,4.000E-04,8.000E-01
3.9370E-01,4.000E-04,7.600E-01
3.9380E-01,1.200E-03,8.000E-01
3.9390E-01,4.000E-04,7.600E-01
3.9400E-01,4.000E-04,7.600E-01
3.9410E-01,1.200E-03,7.800E-01
3.9420E-01,4.000E-04,7.800E-01
3.9430E-01,4.000E-04,7.600E-01
3.9440E-01,4.000E-04,7.800E-01
3.9450E-01,4.000E-04,7.800E-01
3.9460E-01,-4.000E-04,7.800E-01
3.9470E-01,-4.000E-04,7.400E-01
3.9480E-01,4.000E-04,8.000E-01
3.9490E-01,1.200E-03,7.800E-01
3.9500E-01,4.000E-04,7.800E-01
3.9510E-01,4.000E-04,7.800E-01
3.9520E-01,4.000E-04,7.600E-01
3.9530E-01,-4.000E-04,7.600E-01
3.9540E-01,-4.000E-04,7.800E-01
3.9550E-01,4.000E-04,7.600E-01
3.9560E-01,4.000E-04,7.800E-01
3.9570E-01,4.000E-04,7.600E-01
3.9580E-01,1.200E-03,7.800E-01
3.9590E-01,4.000E-04,7.800E-01
3.9600E-01,1.200E-03,7.800E-01
3.9610E-01,1.200E-03,7.800E-01
3.9620E-01,4.000E-04,7.800E-01
3.9630E-01,4.000E-04,7.800E-01
3.9640E-01,-4.000E-04,7.600E-01
3.9650E-01,4.000E-04,7.600E-01
3.9660E-01,4.000E-04,8.200E-01
3.9670E-01,-4.000E-04,8.000E-01
3.9680E-01,4.000E-04,7.800E-01
3.9690E-01,4.000E-04,7.600E-01
3.9700E-01,2.000E-03,7.800E-01
3.9710E-01,4.000E-04,7.400E-01
3.9720E-01,4.000E-04,7.800E-01
3.9730E-01,1.200E-03,8.000E-01
3.9740E-01,1.200E-03,7.600E-01
3.9750E-01,-4.000E-04,7.800E-01
3.9760E-01,4.000E-04,7.800E-01
3.9770E-01,1.200E-03,7.600E-01
3.9780E-01,1.200E-03,8.000E-01
3.9790E-01,-4.000E-04,8.000E-01
3.9800E-01,4.000E-04,7.400E-01
3.9810E-01,4.000E-04,7.800E-01
3.9820E-01,4.000E-04,7.600E-01
3.9830E-01,1.200E-03,7.600E-01
3.9840E-01,4.000E-04,7.800E-01
3.9850E-01,4.000E-04,7.800E-01
3.9860E-01,1.200E-03,7.400E-01
3.9870E-01,4.000E-04,7.800E-01
3.9880E-01,4.000E-04,7.200E-01
3.9890E-01,4.000E-04,7.600E-01
3.9900E-01,-4.000E-04,7.800E-01
3.9910E-01,-1.200E-03,7.800E-01
3.9920E-01,1.200E-03,7.800E-01
3.9930E-01,4.000E-04,7.600E-01
3.9940E-01,4.000E-04,7.600E-01
3.9950E-01,4.000E-04,7.600E-01
3.9960E-01,4.000E-04,7.800E-01
3.9970E-01,4.000E-04,7.600E-01
3.9980E-01,4.000E-04,7.600E-01
3.9990E-01,1.200E-03,7.800E-01
4.0000E-01,4.000E-04,7.600E-01
4.0010E-01,-4.000E-04,7.600E-01
4.0020E-01,1.200E-03,7.400E-01
4.0030E-01,-4.000E-04,7.400E-01
4.0040E-01,4.000E-04,7.400E-01
4.0050E-01,4.000E-04,7.400E-01
4.0060E-01,-4.000E-04,7.600E-01
4.0070E-01,4.000E-04,7.600E-01
4.0080E-01,1.200E-03,7.600E-01
4.0090E-01,4.000E-04,7.800E-01
4.0100E-01,4.000E-04,7.400E-01
4.0110E-01,-4.000E-04,7.400E-01
4.0120E-01,4.000E-04,7.600E-01
4.0130E-01,-1.200E-03,7.600E-01
4.0140E-01,4.000E-04,7.400E-01
4.0150E-01,2.000E-03,7.200E-01
4.0160E-01,4.000E-04,7.400E-01
4.0170E-01,-4.000E-04,7.800E-01
4.0180E-01,4.000E-04,7.600E-01
4.0190E-01,-4.000E-04,7.200E-01
4.0200E-01,4.000E-04,7.800E-01
4.0210E-01,4.000E-04,7.800E-01
4.0220E-01,-4.000E-04,7.200E-01
4.0230E-01,-4.000E-04,7.600E-01
4.0240E-01,-4.000E-04,7.200E-01
4.0250E-01,4.000E-04,7.400E-01
4.0260E-01,1.200E-03,7.400E-01
4.0270E-01,1.200E-03,7.200E-01
4.0280E-01,1.200E-03,7.400E-01
4.0290E-01,4.000E-04,7.600E-01
4.0301E-01,4.000E-04,7.200E-01
4.0311E-01,1.200E-03,7.200E-01
4.0321E-01,1.200E-03,7.400E-01
4.0331E-01,-4.000E-04,7.400E-01
4.0341E-01,-4.000E-04,7.400E-01
4.0351E-01,1.200E-03,7.000E-01
4.0361E-01,4.000E-04,7.800E-01
4.0371E-01,-4.000E-04,7.600E-01
4.0381E-01,1.200E-03,7.200E-01
4.0391E-01,4.000E-04,7.200E-01
4.0401E-01,1.200E-03,7.200E-01
4.0411E-01,4.000E-04,7.600E-01
4.0421E-01,1.200E-03,7.400E-01
4.0431E-01,-4.000E-04,7.400E-01
4.0441E-01,4.000E-04,7.200E-01
4.0451E-01,2.000E-03,7.200E-01
4.0461E-01,4.000E-04,7.200E-01
4.0471E-01,-4.000E-04,7.400E-01
4.0481E-01,4.000E-04,7.200E-01
4.0491E-01,4.000E-04,7.200E-01
4.0501E-01,4.000E-04,7.200E-01
4.0511E-01,-4.000E-04,7.200E-01
4.0521E-01,-4.000E-04,7.400E-01
4.0531E-01,4.000E-04,7.600E-01
4.0541E-01,4.000E-04,7.000E-01
4.0551E-01,-4.000E-04,7.600E-01
4.0561E-01,4.000E-04,7.200E-01
4.0571E-01,4.000E-04,7.400E-01
4.0581E-01,4.000E-04,7.600E-01
4.0591E-01,1.200E-03,7.400E-01
4.0601E-01,4.000E-04,7.400E-01
4.0611E-01,4.000E-04,7.200E-01
4.0621E-01,1.200E-03,7.400E-01
4.0631E-01,1.200E-03,7.400E-01
4.0641E-01,2.000E-03,7.200E-01
4.0651E-01,4.000E-04,7.400E-01
4.0661E-01,-4.000E-04,7.400E-01
4.0671E-01,1.200E-03,7.000E-01
4.0681E-01,4.000E-04,7.400E-01
4.0691E-01,4.000E-04,7.000E-01
4.0701E-01,1.200E-03,7.600E-01
4.0711E-01,4.000E-04,7.400E-01
4.0721E-01,4.000E-04,7.000E-01
4.0731E-01,4.000E-04,7.400E-01
4.0741E-01,-4.000E-04,7.400E-01
4.0751E-01,-4.000E-04,7.400E-01
4.0761E-01,4.000E-04,7.200E-01
4.0771E-01,4.000E-04,6.800E-01
4.0781E-01,-4.000E-04,7.200E-01
4.0791E-01,4.000E-04,7.600E-01
4.0801E-01,1.200E-03,7.200E-01
4.0811E-01,4.000E-04,7.000E-01
4.0821E-01,-4.000E-04,7.000E-01
4.0831E-01,-4.000E-04,7.200E-01
4.0841E-01,4.000E-04,7.200E-01
4.0851E-01,1.200E-03,7.200E-01
4.0861E-01,4.000E-04,7.200E-01
4.0871E-01,4.000E-04,7.200E-01
4.0881E-01,4.000E-04,7.000E-01
4.0891E-01,4.000E-04,6.800E-01
4.0901E-01,4.000E-04,7.400E-01
4.0911E-01,4.000E-04,7.000E-01
4.0921E-01,4.000E-04,7.200E-01
4.0931E-01,4.000E-04,7.000E-01
4.0941E-01,1.200E-03,7.200E-01
4.0951E-01,1.200E-03,7.000E-01
4.0961E-01,4.000E-04,7.200E-01
4.0971E-01,-4.000E-04,7.200E-01
4.0981E-01,1.200E-03,7.000E-01
4.0991E-01,4.000E-04,6.800E-01
4.1001E-01,2.000E-03,7.200E-01
4.1011E-01,4.000E-04,7.400E-01
4.1021E-01,1.200E-03,7.000E-01
4.1031E-01,4.000E-04,7.200E-01
4.1041E-01,2.000E-03,6.800E-01
4.1051E-01,1.200E-03,7.000E-01
4.1061E-01,4.000E-04,7.000E-01
4.1071E-01,2.000E-03,7.000E-01
4.1081E-01,2.000E-03,7.200E-01
4.1091E-01,4.000E-04,6.800E-01
4.1101E-01,-4.000E-04,7.200E-01
4.1111E-01,4.000E-04,7.000E-01
4.1121E-01,4.000E-04,7.200E-01
4.1131E-01,4.000E-04,7.200E-01
4.1141E-01,4.000E-04,7.200E-01
4.1151E-01,2.000E-03,7.400E-01
4.1161E-01,4.000E-04,7.200E-01
4.1171E-01,4.000E-04,7.200E-01
4.1181E-01,4.000E-04,7.000E-01
4.1191E-01,4.000E-04,7.200E-01
4.1201E-01,2.000E-03,7.200E-01
4.1211E-01,1.200E-03,7.000E-01
4.1221E-01,4.000E-04,6.800E-01
4.1231E-01,1.200E-03,7.000E-01
4.1241E-01,2.000E-03,7.000E-01
4.1251E-01,2.000E-03,7.000E-01
4.1261E-01,1.200E-03,6.800E-01
4.1271E-01,2.000E-03,7.000E-01
4.1281E-01,2.000E-03,7.200E-01
4.1291E-01,4.000E-04,7.200E-01
4.1301E-01,4.000E-04,7.000E-01
4.1311E-01,1.200E-03,7.000E-01
4.1321E-01,2.000E-03,7.000E-01
4.1331E-01,-4.000E-04,6.800E-01
4.1341E-01,2.000E-03,7.400E-01
4.1351E-01,4.000E-04,6.800E-01
4.1361E-01,-4.000E-04,6.600E-01
4.1371E-01,4.000E-04,7.000E-01
4.1381E-01,4.000E-04,7.000E-01
4.1391E-01,4.000E-04,7.000E-01
4.1401E-01,-4.000E-04,7.000E-01
4.1411E-01,1.200E-03,7.200E-01
4.1421E-01,2.000E-03,7.000E-01
4.1431E-01,4.000E-04,7.000E-01
4.1441E-01,1.200E-03,6.800E-01
4.1451E-01,-4.000E-04,6.800E-01
4.1461E-01,1.200E-03,7.000E-01
4.1471E-01,1.200E-03,7.000E-01
4.1481E-01,4.000E-04,6.800E-01
4.1491E-01,4.000E-04,7.000E-01
4.1501E-01,4.000E-04,6.600E-01
4.1511E-01,4.000E-04,7.200E-01
4.1521E-01,4.000E-04,7.000E-01
4.1531E-01,1.200E-03,7.200E-01
4.1541E-01,4.000E-04,7.000E-01
4.1551E-01,4.000E-04,6.800E-01
4.1561E-01,1.200E-03,6.800E-01
4.1571E-01,1.200E-03,6.800E-01
4.1581E-01,1.200E-03,7.000E-01
4.1591E-01,-4.000E-04,6.800E-01
4.1601E-01,1.200E-03,7.000E-01
4.1611E-01,1.200E-03,7.000E-01
4.1621E-01,2.000E-03,7.000E-01
4.1631E-01,4.000E-04,7.000E-01
4.1641E-01,4.000E-04,7.000E-01
4.1651E-01,1.200E-03,6.600E-01
4.1661E-01,4.000E-04,6.600E-01
4.1671E-01,-4.000E-04,7.200E-01
4.1681E-01,4.000E-04,7.000E-01
4.1691E-01,2.000E-03,6.800E-01
4.1701E-01,4.000E-04,6.600E-01
4.1711E-01,-4.000E-04,6.800E-01
4.1721E-01,1.200E-03,6.800E-01
4.1731E-01,1.200E-03,6.800E-01
4.1741E-01,1.200E-03,7.000E-01
4.1751E-01,4.000E-04,7.000E-01
4.1761E-01,1.200E-03,6.600E-01
4.1771E-01,-4.000E-04,6.800E-01
4.1781E-01,1.200E-03,6.600E-01
4.1791E-01,4.000E-04,7.000E-01
4.1801E-01,1.200E-03,6.800E-01
4.1811E-01,1.200E-03,6.800E-01
4.1821E-01,4.000E-04,6.800E-01
4.1831E-01,4.000E-04,6.600E-01
4.1841E-01,4.000E-04,6.800E-01
4.1851E-01,1.200E-03,6.800E-01
4.1861E-01,1.200E-03,6.600E-01
4.1871E-01,4.000E-04,7.000E-01
4.1881E-01,4.000E-04,6.600E-01
4.1891E-01,1.200E-03,7.000E-01
4.1901E-01,2.000E-03,6.600E-01
4.1911E-01,1.200E-03,6.600E-01
4.1921E-01,1.200E-03,6.600E-01
4.1931E-01,4.000E-04,6.600E-01
4.1941E-01,1.200E-03,6.600E-01
4.1951E-01,1.200E-03,6.600E-01
4.1961E-01,1.200E-03,6.600E-01
4.1971E-01,-4.000E-04,6.800E-01
4.1981E-01,4.000E-04,6.600E-01
4.1991E-01,4.000E-04,6.600E-01
4.2001E-01,-4.000E-04,6.400E-01
4.2011E-01,1.200E-03,7.000E-01
4.2021E-01,4.000E-04,6.800E-01
4.2031E-01,1.200E-03,6.600E-01
4.2041E-01,1.200E-03,6.800E-01
4.2051E-01,1.200E-03,6.800E-01
4.2061E-01,4.000E-04,6.600E-01
4.2071E-01,1.200E-03,6.400E-01
4.2081E-01,4.000E-04,6.800E-01
4.2091E-01,2.000E-03,6.600E-01
4.2101E-01,4.000E-04,6.600E-01
4.2111E-01,1.200E-03,7.000E-01
4.2121E-01,4.000E-04,6.600E-01
4.2131E-01,1.200E-03,6.800E-01
4.2141E-01,-4.000E-04,6.600E-01
4.2151E-01,1.200E-03,6.200E-01
4.2161E-01,1.200E-03,6.400E-01
4.2171E-01,1.200E-03,6.800E-01
4.2181E-01,4.000E-04,6.800E-01
4.2191E-01,2.000E-03,6.600E-01
4.2201E-01,-4.000E-04,6.600E-01
4.2211E-01,4.000E-04,6.200E-01
4.2221E-01,4.000E-04,6.800E-01
4.2231E-01,4.000E-04,6.600E-01
4.2241E-01,2.000E-03,6.600E-01
4.2251E-01,4.000E-04,6.800E-01
4.2261E-01,4.000E-04,6.600E-01
4.2271E-01,1.200E-03,6.400E-01
4.2281E-01,4.000E-04,6.400E-01
4.2291E-01,2.000E-03,6.400E-01
4.2302E-01,4.000E-04,6.600E-01
4.2312E-01,1.200E-03,6.800E-01
4.2322E-01,1.200E-03,6.400E-01
4.2332E-01,1.200E-03,6.600E-01
4.2342E-01,1.200E-03,6.400E-01
4.2352E-01,4.000E-04,6.400E-01
4.2362E-01,2.000E-03,6.800E-01
4.2372E-01,4.000E-04,6.200E-01
4.2382E-01,1.200E-03,7.000E-01
4.2392E-01,4.000E-04,6.600E-01
4.2402E-01,4.000E-04,6.200E-01
4.2412E-01,4.000E-04,6.600E-01
4.2422E-01,1.200E-03,6.600E-01
4.2432E-01,1.200E-03,6.400E-01
4.2442E-01,1.200E-03,6.600E-01
4.2452E-01,4.000E-04,6.800E-01
4.2462E-01,4.000E-04,6.400E-01
4.2472E-01,4.000E-04,6.400E-01
4.2482E-01,1.200E-03,6.600E-01
4.2492E-01,4.000E-04,6.400E-01
4.2502E-01,4.000E-04,6.400E-01
4.2512E-01,4.000E-04,6.400E-01
4.2522E-01,4.000E-04,6.200E-01
4.2532E-01,1.200E-03,6.400E-01
4.2542E-01,1.200E-03,6.400E-01
4.2552E-01,4.000E-04,6.400E-01
4.2562E-01,1.200E-03,6.400E-01
4.2572E-01,1.200E-03,6.400E-01
4.2582E-01,2.000E-03,6.200E-01
4.2592E-01,-4.000E-04,6.400E-01
4.2602E-01,-4.000E-04,6.800E-01
4.2612E-01,4.000E-04,6.400E-01
4.2622E-01,-4.000E-04,6.400E-01
4.2632E-01,4.000E-04,6.400E-01
4.2642E-01,4.000E-04,6.400E-01
4.2652E-01,1.200E-03,6.200E-01
4.2662E-01,1.200E-03,6.200E-01
4.2672E-01,1.200E-03,6.600E-01
4.2682E-01,-4.000E-04,6.400E-01
4.2692E-01,1.200E-03,6.600E-01
4.2702E-01,4.000E-04,6.400E-01
4.2712E-01,1.200E-03,6.200E-01
4.2722E-01,1.200E-03,6.400E-01
4.2732E-01,1.200E-03,6.600E-01
4.2742E-01,4.000E-04,6.600E-01
4.2752E-01,4.000E-04,6.200E-01
4.2762E-01,1.200E-03,6.200E-01
4.2772E-01,4.000E-04,6.600E-01
4.2782E-01,1.200E-03,6.200E-01
4.2792E-01,4.000E-04,6.200E-01
4.2802E-01,1.200E-03,6.200E-01
4.2812E-01,4.000E-04,6.600E-01
4.2822E-01,1.200E-03,6.400E-01
4.2832E-01,-4.000E-04,6.200E-01
4.2842E-01,4.000E-04,6.200E-01
4.2852E-01,4.000E-04,6.400E-01
4.2862E-01,1.200E-03,6.600E-01
4.2872E-01,2.000E-03,6.400E-01
4.2882E-01,1.200E-03,6.600E-01
4.2892E-01,4.000E-04,6.000E-01
4.2902E-01,1.200E-03,6.400E-01
4.2912E-01,2.000E-03,6.600E-01
4.2922E-01,1.200E-03,6.400E-01
4.2932E-01,2.000E-03,6.400E-01
4.2942E-01,4.000E-04,6.000E-01
4.2952E-01,4.000E-04,6.200E-01
4.2962E-01,1.200E-03,6.400E-01
4.2972E-01,1.200E-03,6.200E-01
4.2982E-01,1.200E-03,6.600E-01
4.2992E-01,1.200E-03,6.400E-01
4.3002E-01,4.000E-04,6.000E-01
4.3012E-01,4.000E-04,6.000E-01
4.3022E-01,1.200E-03,6.200E-01
4.3032E-01,1.200E-03,6.200E-01
4.3042E-01,2.000E-03,6.400E-01
4.3052E-01,1.200E-03,6.200E-01
4.3062E-01,1.200E-03,6.400E-01
4.3072E-01,4.000E-04,6.200E-01
4.3082E-01,-4.000E-04,6.200E-01
4.3092E-01,1.200E-03,6.600E-01
4.3102E-01,1.200E-03,6.200E-01
4.3112E-01,4.000E-04,6.000E-01
4.3122E-01,4.000E-04,6.400E-01
4.3132E-01,2.000E-03,6.200E-01
4.3142E-01,2.000E-03,6.200E-01
4.3152E-01,1.200E-03,6.000E-01
4.3162E-01,4.000E-04,6.200E-01
4.3172E-01,1.200E-03,6.000E-01
4.3182E-01,2.000E-03,6.000E-01
4.3192E-01,1.200E-03,6.400E-01
4.3202E-01,1.200E-03,6.000E-01
4.3212E-01,1.200E-03,6.200E-01
4.3222E-01,1.200E-03,6.000E-01
4.3232E-01,1.200E-03,6.000E-01
4.3242E-01,1.200E-03,6.200E-01
4.3252E-01,4.000E-04,6.400E-01
4.3262E-01,4.000E-04,6.200E-01
4.3272E-01,2.800E-03,6.000E-01
4.3282E-01,-4.000E-04,6.000E-01
4.3292E-01,4.000E-04,6.000E-01
4.3302E-01,2.000E-03,5.800E-01
4.3312E-01,4.000E-04,6.200E-01
4.3322E-01,1.200E-03,5.800E-01
4.3332E-01,4.000E-04,6.000E-01
4.3342E-01,1.200E-03,6.200E-01
4.3352E-01,4.000E-04,6.200E-01
4.3362E-01,1.200E-03,6.200E-01
4.3372E-01,2.000E-03,6.000E-01
4.3382E-01,4.000E-04,6.200E-01
4.3392E-01,2.000E-03,6.400E-01
4.3402E-01,2.000E-03,6.000E-01
4.3412E-01,4.000E-04,6.200E-01
4.3422E-01,1.200E-03,6.000E-01
4.3432E-01,4.000E-04,6.200E-01
4.3442E-01,1.200E-03,6.200E-01
4.3452E-01,1.200E-03,6.000E-01
4.3462E-01,1.200E-03,6.200E-01
4.3472E-01,1.200E-03,6.000E-01
4.3482E-01,1.200E-03,6.000E-01
4.3492E-01,1.200E-03,5.800E-01
4.3502E-01,4.000E-04,6.200E-01
4.3512E-01,1.200E-03,5.800E-01
4.3522E-01,4.000E-04,5.800E-01
4.3532E-01,2.800E-03,6.000E-01
4.3542E-01,4.000E-04,6.000E-01
4.3552E-01,4.000E-04,5.800E-01
4.3562E-01,4.000E-04,6.000E-01
4.3572E-01,1.200E-03,6.000E-01
4.3582E-01,2.000E-03,6.000E-01
4.3592E-01,1.200E-03,6.000E-01
4.3602E-01,-4.000E-04,5.800E-01
4.3612E-01,2.000E-03,5.800E-01
4.3622E-01,1.200E-03,5.800E-01
4.3632E-01,1.200E-03,6.200E-01
4.3642E-01,-4.000E-04,5.800E-01
4.3652E-01,1.200E-03,5.600E-01
4.3662E-01,2.000E-03,6.000E-01
4.3672E-01,4.000E-04,6.200E-01
4.3682E-01,1.200E-03,5.800E-01
4.3692E-01,1.200E-03,6.000E-01
4.3702E-01,4.000E-04,6.200E-01
4.3712E-01,4.000E-04,6.000E-01
4.3722E-01,1.200E-03,6.000E-01
4.3732E-01,1.200E-03,6.200E-01
4.3742E-01,1.200E-03,5.800E-01
4.3752E-01,1.200E-03,5.800E-01
4.3762E-01,2.000E-03,5.800E-01
4.3772E-01,1.200E-03,6.400E-01
4.3782E-01,1.200E-03,6.000E-01
4.3792E-01,1.200E-03,5.600E-01
4.3802E-01,4.000E-04,6.000E-01
4.3812E-01,2.000E-03,5.800E-01
4.3822E-01,4.000E-04,6.000E-01
4.3832E-01,1.200E-03,5.800E-01
4.3842E-01,4.000E-04,5.600E-01
4.3852E-01,4.000E-04,5.800E-01
4.3862E-01,2.000E-03,6.000E-01
4.3872E-01,4.000E-04,6.000E-01
4.3882E-01,1.200E-03,5.800E-01
4.3892E-01,1.200E-03,5.600E-01
4.3902E-01,-4.000E-04,6.200E-01
4.3912E-01,1.200E-03,5.800E-01
4.3922E-01,1.200E-03,5.800E-01
4.3932E-01,4.000E-04,6.000E-01
4.3942E-01,1.200E-03,6.000E-01
4.3952E-01,1.200E-03,5.800E-01
4.3962E-01,4.000E-04,5.800E-01
4.3972E-01,1.200E-03,5.800E-01
4.3982E-01,1.200E-03,5.800E-01
4.3992E-01,4.000E-04,5.600E-01
4.4002E-01,2.000E-03,5.800E-01
4.4012E-01,1.200E-03,6.000E-01
4.4022E-01,4.000E-04,5.800E-01
4.4032E-01,4.000E-04,5.800E-01
4.4042E-01,-4.000E-04,5.800E-01
4.4052E-01,2.000E-03,5.600E-01
4.4062E-01,4.000E-04,5.400E-01
4.4072E-01,4.000E-04,5.800E-01
4.4082E-01,1.200E-03,5.600E-01
4.4092E-01,1.200E-03,5.400E-01
4.4102E-01,4.000E-04,5.800E-01
4.4112E-01,1.200E-03,6.000E-01
4.4122E-01,4.000E-04,5.800E-01
4.4132E-01,1.200E-03,5.600E-01
4.4142E-01,4.000E-04,6.000E-01
4.4152E-01,1.200E-03,5.800E-01
4.4162E-01,4.000E-04,6.000E-01
4.4172E-01,4.000E-04,5.600E-01
4.4182E-01,1.200E-03,5.400E-01
4.4192E-01,1.200E-03,5.800E-01
4.4202E-01,4.000E-04,5.600E-01
4.4212E-01,2.000E-03,5.800E-01
4.4222E-01,4.000E-04,6.000E-01
4.4232E-01,4.000E-04,5.600E-01
4.4242E-01,1.200E-03,5.600E-01
4.4252E-01,1.200E-03,5.400E-01
4.4262E-01,1.200E-03,5.800E-01
4.4272E-01,1.200E-03,5.600E-01
4.4282E-01,4.000E-04,6.000E-01
4.4292E-01,4.000E-04,5.600E-01
4.4303E-01,1.200E-03,5.400E-01
4.4313E-01,2.000E-03,5.400E-01
4.4323E-01,4.000E-04,5.800E-01
4.4333E-01,1.200E-03,5.800E-01
4.4343E-01,4.000E-04,5.800E-01
4.4353E-01,1.200E-03,5.800E-01
4.4363E-01,1.200E-03,5.800E-01
4.4373E-01,-4.000E-04,5.800E-01
4.4383E-01,1.200E-03,5.800E-01
4.4393E-01,1.200E-03,6.000E-01
4.4403E-01,2.000E-03,5.800E-01
4.4413E-01,1.200E-03,5.600E-01
4.4423E-01,1.200E-03,5.600E-01
4.4433E-01,2.000E-03,5.400E-01
4.4443E-01,2.000E-03,5.400E-01
4.4453E-01,2.000E-03,5.600E-01
4.4463E-01,2.000E-03,5.600E-01
4.4473E-01,2.000E-03,5.400E-01
4.4483E-01,2.000E-03,5.600E-01
4.4493E-01,2.800E-03,5.600E-01
4.4503E-01,4.000E-04,5.600E-01
4.4513E-01,4.000E-04,5.400E-01
4.4523E-01,1.200E-03,5.400E-01
4.4533E-01,2.000E-03,5.600E-01
4.4543E-01,1.200E-03,5.800E-01
4.4553E-01,1.200E-03,5.600E-01
4.4563E-01,1.200E-03,5.600E-01
4.4573E-01,1.200E-03,5.400E-01
4.4583E-01,2.000E-03,5.800E-01
4.4593E-01,1.200E-03,5.600E-01
4.4603E-01,2.000E-03,5.600E-01
4.4613E-01,4.000E-04,5.400E-01
4.4623E-01,1.200E-03,5.800E-01
4.4633E-01,-4.000E-04,5.600E-01
4.4643E-01,4.000E-04,6.000E-01
4.4653E-01,4.000E-04,5.600E-01
4.4663E-01,2.000E-03,5.400E-01
4.4673E-01,1.200E-03,5.600E-01
4.4683E-01,1.200E-03,5.600E-01
4.4693E-01,2.000E-03,6.000E-01
4.4703E-01,4.000E-04,5.600E-01
4.4713E-01,1.200E-03,5.400E-01
4.4723E-01,2.000E-03,5.400E-01
4.4733E-01,2.000E-03,5.400E-01
4.4743E-01,2.000E-03,5.400E-01
4.4753E-01,2.000E-03,5.400E-01
4.4763E-01,1.200E-03,5.400E-01
4.4773E-01,4.000E-04,5.200E-01
4.4783E-01,4.000E-04,5.400E-01
4.4793E-01,1.200E-03,5.400E-01
4.4803E-01,1.200E-03,5.400E-01
4.4813E-01,1.200E-03,5.600E-01
4.4823E-01,4.000E-04,5.800E-01
4.4833E-01,4.000E-04,5.600E-01
4.4843E-01,1.200E-03,5.200E-01
4.4853E-01,1.200E-03,5.600E-01
4.4863E-01,1.200E-03,5.600E-01
4.4873E-01,2.000E-03,5.400E-01
4.4883E-01,1.200E-03,5.400E-01
4.4893E-01,2.000E-03,5.400E-01
4.4903E-01,1.200E-03,5.600E-01
4.4913E-01,1.200E-03,5.800E-01
4.4923E-01,1.200E-03,5.200E-01
4.4933E-01,2.000E-03,5.400E-01
4.4943E-01,2.000E-03,5.000E-01
4.4953E-01,2.000E-03,5.400E-01
4.4963E-01,1.200E-03,5.400E-01
4.4973E-01,1.200E-03,5.200E-01
4.4983E-01,4.000E-04,5.400E-01
4.4993E-01,4.000E-04,5.600E-01
4.5003E-01,1.200E-03,5.600E-01
4.5013E-01,2.000E-03,5.400E-01
4.5023E-01,2.000E-03,5.400E-01
4.5033E-01,2.000E-03,5.600E-01
4.5043E-01,4.000E-04,5.600E-01
4.5053E-01,2.000E-03,5.400E-01
4.5063E-01,2.000E-03,5.200E-01
4.5073E-01,1.200E-03,5.400E-01
4.5083E-01,1.200E-03,5.200E-01
4.5093E-01,1.200E-03,5.400E-01
4.5103E-01,1.200E-03,5.200E-01
4.5113E-01,1.200E-03,5.000E-01
4.5123E-01,1.200E-03,5.200E-01
4.5133E-01,1.200E-03,5.400E-01
4.5143E-01,4.000E-04,5.200E-01
4.5153E-01,2.000E-03,5.000E-01
4.5163E-01,1.200E-03,5.600E-01
4.5173E-01,1.200E-03,5.400E-01
4.5183E-01,2.000E-03,5.200E-01
4.5193E-01,1.200E-03,5.600E-01
4.5203E-01,2.000E-03,5.400E-01
4.5213E-01,4.000E-04,5.400E-01
4.5223E-01,1.200E-03,5.400E-01
4.5233E-01,1.200E-03,5.200E-01
4.5243E-01,4.000E-04,5.200E-01
4.5253E-01,1.200E-03,5.400E-01
4.5263E-01,2.000E-03,5.200E-01
4.5273E-01,2.000E-03,5.200E-01
4.5283E-01,4.000E-04,5.000E-01
4.5293E-01,2.800E-03,5.400E-01
4.5303E-01,4.000E-04,5.200E-01
4.5313E-01,4.000E-04,5.400E-01
4.5323E-01,1.200E-03,5.400E-01
4.5333E-01,4.000E-04,5.400E-01
4.5343E-01,1.200E-03,5.200E-01
4.5353E-01,2.000E-03,5.400E-01
4.5363E-01,4.000E-04,5.400E-01
4.5373E-01,2.000E-03,4.800E-01
4.5383E-01,2.000E-03,5.200E-01
4.5393E-01,2.000E-03,5.200E-01
4.5403E-01,1.200E-03,5.200E-01
4.5413E-01,2.000E-03,5.400E-01
4.5423E-01,2.000E-03,5.200E-01
4.5433E-01,2.000E-03,5.200E-01
4.5443E-01,2.000E-03,5.000E-01
4.5453E-01,1.200E-03,5.200E-01
4.5463E-01,2.000E-03,5.200E-01
4.5473E-01,2.000E-03,5.200E-01
4.5483E-01,2.000E-03,5.400E-01
4.5493E-01,2.000E-03,5.000E-01
4.5503E-01,1.200E-03,4.800E-01
4.5513E-01,2.000E-03,5.000E-01
4.5523E-01,2.000E-03,5.200E-01
4.5533E-01,4.000E-04,5.400E-01
4.5543E-01,4.000E-04,5.000E-01
4.5553E-01,1.200E-03,5.000E-01
4.5563E-01,2.000E-03,5.200E-01
4.5573E-01,4.000E-04,5.200E-01
4.5583E-01,1.200E-03,5.000E-01
4.5593E-01,1.200E-03,5.000E-01
4.5603E-01,1.200E-03,5.400E-01
4.5613E-01,1.200E-03,5.000E-01
4.5623E-01,2.000E-03,5.200E-01
4.5633E-01,1.200E-03,4.800E-01
4.5643E-01,1.200E-03,5.200E-01
4.5653E-01,2.000E-03,5.200E-01
4.5663E-01,2.000E-03,5.200E-01
4.5673E-01,2.000E-03,5.200E-01
4.5683E-01,1.200E-03,5.200E-01
4.5693E-01,2.800E-03,5.600E-01
4.5703E-01,1.200E-03,5.000E-01
4.5713E-01,2.000E-03,5.200E-01
4.5723E-01,2.000E-03,4.800E-01
4.5733E-01,2.800E-03,5.200E-01
4.5743E-01,1.200E-03,5.400E-01
4.5753E-01,1.200E-03,5.000E-01
4.5763E-01,4.000E-04,5.000E-01
4.5773E-01,1.200E-03,5.200E-01
4.5783E-01,4.000E-04,5.200E-01
4.5793E-01,1.200E-03,5.000E-01
4.5803E-01,4.000E-04,5.000E-01
4.5813E-01,2.000E-03,4.600E-01
4.5823E-01,1.200E-03,5.200E-01
4.5833E-01,1.200E-03,5.000E-01
4.5843E-01,2.000E-03,5.200E-01
4.5853E-01,2.000E-03,5.000E-01
4.5863E-01,4.000E-04,5.000E-01
4.5873E-01,1.200E-03,5.000E-01
4.5883E-01,2.000E-03,5.000E-01
4.5893E-01,1.200E-03,5.400E-01
4.5903E-01,4.000E-04,5.200E-01
4.5913E-01,1.200E-03,5.000E-01
4.5923E-01,4.000E-04,5.000E-01
4.5933E-01,4.000E-04,5.000E-01
4.5943E-01,2.800E-03,5.000E-01
4.5953E-01,2.000E-03,5.000E-01
4.5963E-01,2.000E-03,4.800E-01
4.5973E-01,2.000E-03,5.000E-01
4.5983E-01,1.200E-03,5.200E-01
4.5993E-01,2.000E-03,5.200E-01
4.6003E-01,2.800E-03,4.600E-01
4.6013E-01,2.000E-03,5.000E-01
4.6023E-01,1.200E-03,5.000E-01
4.6033E-01,1.200E-03,5.200E-01
4.6043E-01,2.000E-03,4.800E-01
4.6053E-01,1.200E-03,4.600E-01
4.6063E-01,2.000E-03,5.200E-01
4.6073E-01,2.800E-03,5.000E-01
4.6083E-01,1.200E-03,5.000E-01
4.6093E-01,1.200E-03,4.800E-01
4.6103E-01,2.000E-03,5.200E-01
4.6113E-01,4.000E-04,4.800E-01
4.6123E-01,1.200E-03,4.800E-01
4.6133E-01,1.200E-03,5.000E-01
4.6143E-01,4.000E-04,4.800E-01
4.6153E-01,1.200E-03,4.800E-01
4.6163E-01,1.200E-03,5.200E-01
4.6173E-01,2.000E-03,4.800E-01
4.6183E-01,2.800E-03,4.800E-01
4.6193E-01,2.000E-03,5.000E-01
4.6203E-01,1.200E-03,5.200E-01
4.6213E-01,2.000E-03,4.800E-01
4.6223E-01,1.200E-03,5.000E-01
4.6233E-01,2.000E-03,5.000E-01
4.6243E-01,1.200E-03,4.800E-01
4.6253E-01,1.200E-03,4.600E-01
4.6263E-01,1.200E-03,5.000E-01
4.6273E-01,2.800E-03,4.600E-01
4.6283E-01,1.200E-03,4.600E-01
4.6293E-01,1.200E-03,5.000E-01
4.6304E-01,2.000E-03,4.800E-01
4.6314E-01,2.000E-03,4.800E-01
4.6324E-01,2.000E-03,5.200E-01
4.6334E-01,1.200E-03,4.800E-01
4.6344E-01,1.200E-03,4.800E-01
4.6354E-01,2.800E-03,4.600E-01
4.6364E-01,1.200E-03,5.000E-01
4.6374E-01,4.000E-04,5.000E-01
4.6384E-01,4.000E-04,5.000E-01
4.6394E-01,1.200E-03,5.000E-01
4.6404E-01,1.200E-03,4.800E-01
4.6414E-01,1.200E-03,4.800E-01
4.6424E-01,1.200E-03,4.800E-01
4.6434E-01,2.000E-03,5.000E-01
4.6444E-01,1.200E-03,4.600E-01
4.6454E-01,1.200E-03,4.400E-01
4.6464E-01,2.000E-03,4.800E-01
4.6474E-01,2.000E-03,4.600E-01
4.6484E-01,2.000E-03,4.800E-01
4.6494E-01,1.200E-03,4.400E-01
4.6504E-01,2.000E-03,4.800E-01
4.6514E-01,-4.000E-04,4.600E-01
4.6524E-01,1.200E-03,4.600E-01
4.6534E-01,4.000E-04,4.800E-01
4.6544E-01,2.000E-03,4.800E-01
4.6554E-01,1.200E-03,5.000E-01
4.6564E-01,2.000E-03,5.000E-01
4.6574E-01,2.000E-03,4.800E-01
4.6584E-01,2.000E-03,4.800E-01
4.6594E-01,2.800E-03,4.600E-01
4.6604E-01,4.000E-04,4.600E-01
4.6614E-01,4.000E-04,4.800E-01
4.6624E-01,1.200E-03,5.000E-01
4.6634E-01,1.200E-03,5.200E-01
4.6644E-01,2.000E-03,4.600E-01
4.6654E-01,2.000E-03,4.600E-01
4.6664E-01,4.000E-04,4.600E-01
4.6674E-01,2.000E-03,4.600E-01
4.6684E-01,2.000E-03,4.800E-01
4.6694E-01,2.000E-03,4.800E-01
4.6704E-01,2.000E-03,4.800E-01
4.6714E-01,4.000E-04,4.600E-01
4.6724E-01,2.000E-03,4.600E-01
4.6734E-01,1.200E-03,4.600E-01
4.6744E-01,2.000E-03,4.800E-01
4.6754E-01,4.000E-04,4.600E-01
4.6764E-01,2.000E-03,4.600E-01
4.6774E-01,1.200E-03,4.800E-01
4.6784E-01,4.000E-04,4.600E-01
4.6794E-01,1.200E-03,4.800E-01
4.6804E-01,2.000E-03,4.400E-01
4.6814E-01,2.800E-03,4.600E-01
4.6824E-01,2.000E-03,4.800E-01
4.6834E-01,2.800E-03,4.600E-01
4.6844E-01,1.200E-03,4.600E-01
4.6854E-01,2.000E-03,4.600E-01
4.6864E-01,2.000E-03,4.800E-01
4.6874E-01,1.200E-03,4.800E-01
4.6884E-01,1.200E-03,4.800E-01
4.6894E-01,1.200E-03,4.400E-01
4.6904E-01,2.000E-03,5.000E-01
4.6914E-01,4.000E-04,4.600E-01
4.6924E-01,1.200E-03,4.400E-01
4.6934E-01,2.800E-03,4.600E-01
4.6944E-01,2.000E-03,4.600E-01
4.6954E-01,2.800E-03,4.600E-01
4.6964E-01,2.000E-03,4.800E-01
4.6974E-01,1.200E-03,4.800E-01
4.6984E-01,1.200E-03,4.800E-01
4.6994E-01,2.000E-03,4.400E-01
4.7004E-01,1.200E-03,4.600E-01
4.7014E-01,1.200E-03,4.800E-01
4.7024E-01,2.000E-03,4.200E-01
4.7034E-01,4.000E-04,4.400E-01
4.7044E-01,2.000E-03,4.600E-01
4.7054E-01,2.800E-03,4.400E-01
4.7064E-01,2.800E-03,4.400E-01
4.7074E-01,4.000E-04,4.400E-01
4.7084E-01,2.000E-03,4.600E-01
4.7094E-01,2.000E-03,4.400E-01
4.7104E-01,2.000E-03,4.400E-01
4.7114E-01,1.200E-03,4.600E-01
4.7124E-01,1.200E-03,4.600E-01
4.7134E-01,2.000E-03,4.400E-01
4.7144E-01,1.200E-03,4.600E-01
4.7154E-01,2.000E-03,4.400E-01
4.7164E-01,4.000E-04,4.400E-01
4.7174E-01,1.200E-03,4.600E-01
4.7184E-01,2.000E-03,4.600E-01
4.7194E-01,2.000E-03,4.400E-01
4.7204E-01,2.000E-03,4.400E-01
4.7214E-01,1.200E-03,4.400E-01
4.7224E-01,2.000E-03,4.400E-01
4.7234E-01,2.800E-03,4.400E-01
4.7244E-01,4.000E-04,4.400E-01
4.7254E-01,1.200E-03,4.400E-01
4.7264E-01,1.200E-03,4.800E-01
4.7274E-01,2.000E-03,4.000E-01
4.7284E-01,2.800E-03,4.600E-01
4.7294E-01,2.000E-03,4.200E-01
4.7304E-01,2.000E-03,4.600E-01
4.7314E-01,2.000E-03,4.600E-01
4.7324E-01,1.200E-03,4.600E-01
4.7334E-01,2.800E-03,4.400E-01
4.7344E-01,2.800E-03,4.200E-01
4.7354E-01,2.800E-03,4.400E-01
4.7364E-01,1.200E-03,4.400E-01
4.7374E-01,1.200E-03,4.200E-01
4.7384E-01,4.000E-04,4.400E-01
4.7394E-01,1.200E-03,4.800E-01
4.7404E-01,2.000E-03,4.400E-01
4.7414E-01,1.200E-03,4.200E-01
4.7424E-01,2.000E-03,4.400E-01
4.7434E-01,1.200E-03,4.200E-01
4.7444E-01,1.200E-03,4.600E-01
4.7454E-01,2.000E-03,4.600E-01
4.7464E-01,2.000E-03,4.400E-01
4.7474E-01,1.200E-03,4.200E-01
4.7484E-01,2.000E-03,4.600E-01
4.7494E-01,2.000E-03,4.000E-01
4.7504E-01,3.600E-03,4.400E-01
4.7514E-01,2.800E-03,4.200E-01
4.7524E-01,2.000E-03,4.200E-01
4.7534E-01,2.000E-03,4.400E-01
4.7544E-01,1.200E-03,4.200E-01
4.7554E-01,1.200E-03,4.400E-01
4.7564E-01,2.000E-03,4.200E-01
4.7574E-01,1.200E-03,4.400E-01
4.7584E-01,2.000E-03,4.400E-01
4.7594E-01,2.000E-03,4.200E-01
4.7604E-01,2.000E-03,4.600E-01
4.7614E-01,1.200E-03,4.200E-01
4.7624E-01,2.800E-03,4.400E-01
4.7634E-01,2.000E-03,4.400E-01
4.7644E-01,2.000E-03,4.400E-01
4.7654E-01,1.200E-03,4.400E-01
4.7664E-01,2.000E-03,4.400E-01
4.7674E-01,4.000E-04,4.400E-01
4.7684E-01,1.200E-03,4.400E-01
4.7694E-01,2.000E-03,4.000E-01
4.7704E-01,1.200E-03,4.200E-01
4.7714E-01,2.000E-03,4.000E-01
4.7724E-01,2.000E-03,4.200E-01
4.7734E-01,2.000E-03,4.600E-01
4.7744E-01,2.000E-03,4.200E-01
4.7754E-01,4.000E-04,4.200E-01
4.7764E-01,2.000E-03,4.400E-01
4.7774E-01,2.000E-03,4.400E-01
4.7784E-01,2.000E-03,4.000E-01
4.7794E-01,1.200E-03,4.200E-01
4.7804E-01,2.000E-03,4.200E-01
4.7814E-01,1.200E-03,4.400E-01
4.7824E-01,2.000E-03,4.200E-01
4.7834E-01,1.200E-03,4.000E-01
4.7844E-01,4.000E-04,4.200E-01
4.7854E-01,2.000E-03,4.000E-01
4.7864E-01,1.200E-03,4.400E-01
4.7874E-01,2.000E-03,4.600E-01
4.7884E-01,2.000E-03,4.200E-01
4.7894E-01,1.200E-03,4.400E-01
4.7904E-01,1.200E-03,4.200E-01
4.7914E-01,2.800E-03,4.400E-01
4.7924E-01,2.000E-03,4.200E-01
4.7934E-01,2.000E-03,4.400E-01
4.7944E-01,2.800E-03,4.200E-01
4.7954E-01,2.000E-03,4.000E-01
4.7964E-01,2.000E-03,4.000E-01
4.7974E-01,2.000E-03,4.400E-01
4.7984E-01,2.000E-03,4.000E-01
4.7994E-01,2.000E-03,4.000E-01
4.8004E-01,2.800E-03,4.200E-01
4.8014E-01,2.800E-03,4.000E-01
4.8024E-01,2.000E-03,4.400E-01
4.8034E-01,2.000E-03,4.200E-01
4.8044E-01,2.000E-03,4.000E-01
4.8054E-01,2.800E-03,4.000E-01
4.8064E-01,2.800E-03,4.200E-01
4.8074E-01,1.200E-03,4.200E-01
4.8084E-01,1.200E-03,4.200E-01
4.8094E-01,2.000E-03,4.000E-01
4.8104E-01,2.000E-03,4.200E-01
4.8114E-01,2.000E-03,4.000E-01
4.8124E-01,2.000E-03,4.400E-01
4.8134E-01,2.000E-03,3.800E-01
4.8144E-01,2.000E-03,3.800E-01
4.8154E-01,1.200E-03,4.000E-01
4.8164E-01,2.000E-03,4.000E-01
4.8174E-01,2.000E-03,4.200E-01
4.8184E-01,2.000E-03,4.200E-01
4.8194E-01,2.000E-03,4.200E-01
4.8204E-01,2.000E-03,3.800E-01
4.8214E-01,2.000E-03,4.000E-01
4.8224E-01,1.200E-03,4.200E-01
4.8234E-01,2.000E-03,4.200E-01
4.8244E-01,4.000E-04,4.000E-01
4.8254E-01,2.000E-03,4.000E-01
4.8264E-01,1.200E-03,4.000E-01
4.8274E-01,2.000E-03,4.400E-01
4.8284E-01,1.200E-03,4.000E-01
4.8294E-01,2.000E-03,4.000E-01
4.8305E-01,4.000E-04,4.200E-01
4.8315E-01,2.000E-03,4.000E-01
4.8325E-01,2.000E-03,4.000E-01
4.8335E-01,1.200E-03,4.200E-01
4.8345E-01,2.000E-03,4.200E-01
4.8355E-01,4.000E-04,4.000E-01
4.8365E-01,2.000E-03,4.200E-01
4.8375E-01,3.600E-03,4.000E-01
4.8385E-01,1.200E-03,3.800E-01
4.8395E-01,2.000E-03,4.400E-01
4.8405E-01,1.200E-03,3.800E-01
4.8415E-01,1.200E-03,3.800E-01
4.8425E-01,1.200E-03,3.800E-01
4.8435E-01,2.000E-03,4.000E-01
4.8445E-01,2.000E-03,4.000E-01
4.8455E-01,4.000E-04,4.000E-01
4.8465E-01,2.800E-03,4.000E-01
4.8475E-01,2.000E-03,4.000E-01
4.8485E-01,2.000E-03,3.600E-01
4.8495E-01,1.200E-03,4.200E-01
4.8505E-01,2.000E-03,4.000E-01
4.8515E-01,2.800E-03,3.800E-01
4.8525E-01,1.200E-03,4.000E-01
4.8535E-01,2.000E-03,3.800E-01
4.8545E-01,2.000E-03,3.800E-01
4.8555E-01,2.000E-03,4.000E-01
4.8565E-01,1.200E-03,3.600E-01
4.8575E-01,4.000E-04,4.000E-01
4.8585E-01,1.200E-03,3.600E-01
4.8595E-01,2.000E-03,3.600E-01
4.8605E-01,1.200E-03,3.800E-01
4.8615E-01,1.200E-03,3.800E-01
4.8625E-01,2.000E-03,3.800E-01
4.8635E-01,2.000E-03,3.600E-01
4.8645E-01,3.600E-03,3.800E-01
4.8655E-01,2.000E-03,3.800E-01
4.8665E-01,2.000E-03,3.800E-01
4.8675E-01,2.800E-03,4.000E-01
4.8685E-01,2.000E-03,4.000E-01
4.8695E-01,2.000E-03,4.000E-01
4.8705E-01,2.800E-03,3.800E-01
4.8715E-01,1.200E-03,3.800E-01
4.8725E-01,2.800E-03,4.000E-01
4.8735E-01,2.800E-03,4.000E-01
4.8745E-01,2.000E-03,3.800E-01
4.8755E-01,2.800E-03,3.800E-01
4.8765E-01,1.200E-03,3.800E-01
4.8775E-01,2.000E-03,3.600E-01
4.8785E-01,3.600E-03,3.800E-01
4.8795E-01,1.200E-03,3.600E-01
4.8805E-01,1.200E-03,3.600E-01
4.8815E-01,2.000E-03,3.800E-01
4.8825E-01,2.000E-03,3.800E-01
4.8835E-01,1.200E-03,3.800E-01
4.8845E-01,1.200E-03,4.000E-01
4.8855E-01,2.800E-03,3.800E-01
4.8865E-01,1.200E-03,4.000E-01
4.8875E-01,2.000E-03,3.600E-01
4.8885E-01,1.200E-03,4.000E-01
4.8895E-01,2.800E-03,3.600E-01
4.8905E-01,2.000E-03,3.600E-01
4.8915E-01,2.000E-03,3.600E-01
4.8925E-01,1.200E-03,3.800E-01
4.8935E-01,2.000E-03,3.800E-01
4.8945E-01,2.000E-03,3.800E-01
4.8955E-01,2.000E-03,3.800E-01
4.8965E-01,2.000E-03,3.800E-01
4.8975E-01,2.000E-03,3.200E-01
4.8985E-01,2.800E-03,3.800E-01
4.8995E-01,1.200E-03,3.600E-01
4.9005E-01,2.000E-03,3.400E-01
4.9015E-01,2.000E-03,3.800E-01
4.9025E-01,2.000E-03,3.600E-01
4.9035E-01,2.800E-03,4.000E-01
4.9045E-01,2.000E-03,3.600E-01
4.9055E-01,3.600E-03,3.400E-01
4.9065E-01,2.800E-03,3.800E-01
4.9075E-01,1.200E-03,4.000E-01
4.9085E-01,1.200E-03,3.600E-01
4.9095E-01,4.000E-04,3.400E-01
4.9105E-01,2.000E-03,3.600E-01
4.9115E-01,1.200E-03,3.600E-01
4.9125E-01,1.200E-03,3.800E-01
4.9135E-01,2.000E-03,3.800E-01
4.9145E-01,2.800E-03,3.600E-01
4.9155E-01,1.200E-03,3.800E-01
4.9165E-01,2.800E-03,3.600E-01
4.9175E-01,2.800E-03,3.800E-01
4.9185E-01,2.800E-03,3.800E-01
4.9195E-01,3.600E-03,3.800E-01
4.9205E-01,2.000E-03,3.600E-01
4.9215E-01,2.800E-03,3.600E-01
4.9225E-01,1.200E-03,3.600E-01
4.9235E-01,2.000E-03,3.600E-01
4.9245E-01,2.000E-03,3.400E-01
4.9255E-01,2.800E-03,3.400E-01
4.9265E-01,2.000E-03,3.800E-01
4.9275E-01,2.800E-03,3.200E-01
4.9285E-01,1.200E-03,3.600E-01
4.9295E-01,3.600E-03,3.400E-01
4.9305E-01,2.800E-03,3.800E-01
4.9315E-01,2.800E-03,3.800E-01
4.9325E-01,2.000E-03,3.600E-01
4.9335E-01,2.000E-03,3.800E-01
4.9345E-01,2.000E-03,3.600E-01
4.9355E-01,1.200E-03,3.600E-01
4.9365E-01,2.000E-03,3.400E-01
4.9375E-01,1.200E-03,3.600E-01
4.9385E-01,4.000E-04,3.600E-01
4.9395E-01,2.000E-03,3.600E-01
4.9405E-01,1.200E-03,3.600E-01
4.9415E-01,2.000E-03,3.400E-01
4.9425E-01,2.000E-03,3.600E-01
4.9435E-01,2.000E-03,3.400E-01
4.9445E-01,2.000E-03,3.600E-01
4.9455E-01,2.000E-03,3.600E-01
4.9465E-01,2.800E-03,3.800E-01
4.9475E-01,2.000E-03,3.800E-01
4.9485E-01,2.000E-03,3.000E-01
4.9495E-01,2.800E-03,3.200E-01
4.9505E-01,2.000E-03,4.000E-01
4.9515E-01,2.000E-03,3.600E-01
4.9525E-01,3.600E-03,3.600E-01
4.9535E-01,2.000E-03,3.200E-01
4.9545E-01,2.800E-03,3.000E-01
4.9555E-01,2.800E-03,3.200E-01
4.9565E-01,2.800E-03,3.200E-01
4.9575E-01,2.800E-03,3.000E-01
4.9585E-01,2.000E-03,3.600E-01
4.9595E-01,4.000E-04,3.200E-01
4.9605E-01,2.000E-03,3.400E-01
4.9615E-01,2.000E-03,3.400E-01
4.9625E-01,2.800E-03,3.400E-01
4.9635E-01,2.000E-03,3.800E-01
4.9645E-01,2.800E-03,3.200E-01
4.9655E-01,1.200E-03,3.400E-01
4.9665E-01,2.800E-03,3.400E-01
4.9675E-01,2.000E-03,3.600E-01
4.9685E-01,2.000E-03,3.400E-01
4.9695E-01,1.200E-03,3.400E-01
4.9705E-01,2.000E-03,3.000E-01
4.9715E-01,1.200E-03,3.200E-01
4.9725E-01,1.200E-03,3.200E-01
4.9735E-01,1.200E-03,3.200E-01
4.9745E-01,1.200E-03,3.600E-01
4.9755E-01,2.800E-03,3.400E-01
4.9765E-01,2.000E-03,3.800E-01
4.9775E-01,1.200E-03,3.400E-01
4.9785E-01,2.000E-03,3.400E-01
4.9795E-01,1.200E-03,3.200E-01
4.9805E-01,2.000E-03,3.400E-01
4.9815E-01,2.000E-03,3.200E-01
4.9825E-01,2.800E-03,3.400E-01
4.9835E-01,1.200E-03,3.600E-01
4.9845E-01,1.200E-03,3.400E-01
4.9855E-01,2.000E-03,3.200E-01
4.9865E-01,2.000E-03,3.400E-01
4.9875E-01,2.000E-03,3.200E-01
4.9885E-01,2.800E-03,3.200E-01
4.9895E-01,1.200E-03,3.200E-01
4.9905E-01,2.800E-03,3.600E-01
4.9915E-01,2.000E-03,3.400E-01
4.9925E-01,1.200E-03,3.200E-01
4.9935E-01,2.000E-03,3.200E-01
4.9945E-01,4.000E-04,3.200E-01
4.9955E-01,1.200E-03,3.400E-01
4.9965E-01,2.800E-03,3.000E-01
4.9975E-01,2.800E-03,3.200E-01
4.9985E-01,2.000E-03,3.200E-01
4.9995E-01,1.200E-03,3.400E-01
5.0005E-01,1.200E-03,3.600E-01
5.0015E-01,2.000E-03,3.400E-01
5.0025E-01,2.000E-03,3.600E-01
5.0035E-01,2.000E-03,3.200E-01
5.0045E-01,1.200E-03,3.200E-01
5.0055E-01,3.600E-03,3.000E-01
5.0065E-01,2.000E-03,3.200E-01
5.0075E-01,1.200E-03,3.400E-01
5.0085E-01,2.000E-03,3.200E-01
5.0095E-01,2.000E-03,3.400E-01
5.0105E-01,2.800E-03,3.200E-01
5.0115E-01,2.000E-03,3.400E-01
5.0125E-01,1.200E-03,3.000E-01
5.0135E-01,2.000E-03,3.000E-01
5.0145E-01,2.000E-03,3.400E-01
5.0155E-01,1.200E-03,3.400E-01
5.0165E-01,2.000E-03,3.200E-01
5.0175E-01,2.000E-03,3.400E-01
5.0185E-01,2.000E-03,3.200E-01
5.0195E-01,1.200E-03,3.200E-01
5.0205E-01,1.200E-03,3.200E-01
5.0215E-01,1.200E-03,3.200E-01
5.0225E-01,2.800E-03,3.200E-01
5.0235E-01,2.000E-03,3.200E-01
5.0245E-01,1.200E-03,3.000E-01
5.0255E-01,2.800E-03,3.400E-01
5.0265E-01,2.000E-03,3.200E-01
5.0275E-01,2.000E-03,2.800E-01
5.0285E-01,2.000E-03,3.000E-01
5.0295E-01,1.200E-03,2.800E-01
5.0306E-01,2.000E-03,3.400E-01
5.0316E-01,2.800E-03,3.400E-01
5.0326E-01,2.800E-03,2.800E-01
5.0336E-01,2.800E-03,3.200E-01
5.0346E-01,2.000E-03,3.200E-01
5.0356E-01,2.000E-03,3.200E-01
5.0366E-01,2.000E-03,3.200E-01
5.0376E-01,2.000E-03,3.000E-01
5.0386E-01,2.000E-03,3.000E-01
5.0396E-01,3.600E-03,3.000E-01
5.0406E-01,2.800E-03,3.000E-01
5.0416E-01,2.800E-03,3.000E-01
5.0426E-01,1.200E-03,3.200E-01
5.0436E-01,2.000E-03,3.200E-01
5.0446E-01,1.200E-03,3.200E-01
5.0456E-01,2.000E-03,3.200E-01
5.0466E-01,2.000E-03,3.000E-01
5.0476E-01,1.200E-03,2.800E-01
5.0486E-01,2.000E-03,3.200E-01
5.0496E-01,2.000E-03,3.000E-01
5.0506E-01,2.800E-03,3.000E-01
5.0516E-01,2.000E-03,3.400E-01
5.0526E-01,2.000E-03,3.200E-01
5.0536E-01,1.200E-03,3.200E-01
5.0546E-01,1.200E-03,3.000E-01
5.0556E-01,2.000E-03,3.200E-01
5.0566E-01,2.000E-03,3.000E-01
5.0576E-01,2.800E-03,3.000E-01
5.0586E-01,2.000E-03,3.000E-01
5.0596E-01,2.000E-03,3.200E-01
5.0606E-01,2.800E-03,3.200E-01
5.0616E-01,3.600E-03,3.000E-01
5.0626E-01,1.200E-03,3.000E-01
5.0636E-01,2.000E-03,3.000E-01
5.0646E-01,4.000E-04,3.400E-01
5.0656E-01,2.000E-03,3.000E-01
5.0666E-01,2.000E-03,2.800E-01
5.0676E-01,2.800E-03,2.800E-01
5.0686E-01,2.800E-03,3.400E-01
5.0696E-01,2.000E-03,2.800E-01
5.0706E-01,2.800E-03,2.800E-01
5.0716E-01,2.800E-03,3.000E-01
5.0726E-01,2.000E-03,2.600E-01
5.0736E-01,2.000E-03,3.000E-01
5.0746E-01,2.800E-03,3.200E-01
5.0756E-01,2.800E-03,2.800E-01
5.0766E-01,2.000E-03,3.200E-01
5.0776E-01,2.800E-03,3.000E-01
5.0786E-01,1.200E-03,3.000E-01
5.0796E-01,2.000E-03,3.400E-01
5.0806E-01,2.000E-03,3.000E-01
5.0816E-01,2.000E-03,2.800E-01
5.0826E-01,2.000E-03,3.000E-01
5.0836E-01,2.000E-03,3.200E-01
5.0846E-01,2.000E-03,2.800E-01
5.0856E-01,1.200E-03,2.600E-01
5.0866E-01,2.800E-03,3.000E-01
5.0876E-01,2.800E-03,3.000E-01
5.0886E-01,2.800E-03,2.600E-01
5.0896E-01,2.000E-03,2.800E-01
5.0906E-01,2.000E-03,3.200E-01
5.0916E-01,1.200E-03,2.800E-01
5.0926E-01,2.800E-03,3.000E-01
5.0936E-01,2.800E-03,3.000E-01
5.0946E-01,2.800E-03,3.000E-01
5.0956E-01,4.000E-04,3.000E-01
5.0966E-01,2.000E-03,3.000E-01
5.0976E-01,2.800E-03,2.800E-01
5.0986E-01,2.000E-03,2.800E-01
5.0996E-01,2.800E-03,2.600E-01
5.1006E-01,2.000E-03,2.800E-01
5.1016E-01,3.600E-03,2.800E-01
5.1026E-01,2.000E-03,3.000E-01
5.1036E-01,2.000E-03,2.800E-01
5.1046E-01,1.200E-03,2.800E-01
5.1056E-01,2.800E-03,3.000E-01
5.1066E-01,2.000E-03,3.000E-01
5.1076E-01,2.800E-03,2.600E-01
5.1086E-01,1.200E-03,2.600E-01
5.1096E-01,2.000E-03,2.800E-01
5.1106E-01,2.000E-03,3.000E-01
5.1116E-01,2.000E-03,2.800E-01
5.1126E-01,2.000E-03,2.800E-01
5.1136E-01,2.800E-03,3.200E-01
5.1146E-01,2.000E-03,2.800E-01
5.1156E-01,2.800E-03,2.800E-01
5.1166E-01,2.000E-03,3.000E-01
5.1176E-01,2.000E-03,2.800E-01
5.1186E-01,4.000E-04,2.800E-01
5.1196E-01,2.800E-03,2.600E-01
5.1206E-01,2.000E-03,2.800E-01
5.1216E-01,2.000E-03,2.400E-01
5.1226E-01,2.000E-03,2.800E-01
5.1236E-01,2.800E-03,2.600E-01
5.1246E-01,2.000E-03,2.800E-01
5.1256E-01,2.000E-03,2.800E-01
5.1266E-01,2.000E-03,3.200E-01
5.1276E-01,2.800E-03,2.800E-01
5.1286E-01,2.000E-03,2.800E-01
5.1296E-01,2.000E-03,2.800E-01
5.1306E-01,2.000E-03,2.800E-01
5.1316E-01,2.000E-03,2.800E-01
5.1326E-01,1.200E-03,3.000E-01
5.1336E-01,2.800E-03,2.800E-01
5.1346E-01,2.800E-03,2.600E-01
5.1356E-01,2.000E-03,2.800E-01
5.1366E-01,2.000E-03,2.800E-01
5.1376E-01,2.800E-03,2.800E-01
5.1386E-01,2.800E-03,2.600E-01
5.1396E-01,2.000E-03,2.800E-01
5.1406E-01,1.200E-03,2.800E-01
5.1416E-01,2.000E-03,2.600E-01
5.1426E-01,2.800E-03,2.600E-01
5.1436E-01,1.200E-03,2.800E-01
5.1446E-01,2.000E-03,2.800E-01
5.1456E-01,2.800E-03,2.400E-01
5.1466E-01,2.000E-03,2.800E-01
5.1476E-01,2.000E-03,2.600E-01
5.1486E-01,2.000E-03,2.800E-01
5.1496E-01,2.000E-03,3.000E-01
5.1506E-01,1.200E-03,2.800E-01
5.1516E-01,2.800E-03,2.600E-01
5.1526E-01,2.000E-03,2.600E-01
5.1536E-01,2.000E-03,3.000E-01
5.1546E-01,2.800E-03,2.600E-01
5.1556E-01,1.200E-03,2.400E-01
5.1566E-01,2.800E-03,2.600E-01
5.1576E-01,2.000E-03,2.800E-01
5.1586E-01,2.000E-03,2.800E-01
5.1596E-01,2.800E-03,3.000E-01
5.1606E-01,2.800E-03,2.600E-01
5.1616E-01,2.000E-03,2.600E-01
5.1626E-01,1.200E-03,2.800E-01
5.1636E-01,2.000E-03,2.800E-01
5.1646E-01,2.000E-03,2.600E-01
5.1656E-01,2.000E-03,2.800E-01
5.1666E-01,2.000E-03,2.600E-01
5.1676E-01,2.000E-03,2.600E-01
5.1686E-01,2.000E-03,2.600E-01
5.1696E-01,2.000E-03,2.600E-01
5.1706E-01,2.800E-03,2.800E-01
5.1716E-01,1.200E-03,2.800E-01
5.1726E-01,2.000E-03,2.400E-01
5.1736E-01,2.000E-03,2.400E-01
5.1746E-01,1.200E-03,2.800E-01
5.1756E-01,1.200E-03,2.400E-01
5.1766E-01,2.800E-03,2.600E-01
5.1776E-01,2.800E-03,2.600E-01
5.1786E-01,2.000E-03,2.600E-01
5.1796E-01,2.000E-03,2.400E-01
5.1806E-01,2.000E-03,2.600E-01
5.1816E-01,2.000E-03,2.600E-01
5.1826E-01,2.000E-03,2.600E-01
5.1836E-01,2.000E-03,2.400E-01
5.1846E-01,2.000E-03,2.800E-01
5.1856E-01,3.600E-03,2.600E-01
5.1866E-01,2.800E-03,2.600E-01
5.1876E-01,2.000E-03,2.800E-01
5.1886E-01,3.600E-03,2.600E-01
5.1896E-01,1.200E-03,2.600E-01
5.1906E-01,2.000E-03,2.600E-01
5.1916E-01,2.800E-03,2.400E-01
5.1926E-01,2.800E-03,2.400E-01
5.1936E-01,2.000E-03,2.600E-01
5.1946E-01,2.000E-03,2.800E-01
5.1956E-01,2.000E-03,2.400E-01
5.1966E-01,2.800E-03,2.400E-01
5.1976E-01,2.000E-03,2.200E-01
5.1986E-01,2.800E-03,2.600E-01
5.1996E-01,1.200E-03,2.000E-01
5.2006E-01,2.800E-03,2.400E-01
5.2016E-01,2.000E-03,2.600E-01
5.2026E-01,2.000E-03,2.400E-01
5.2036E-01,2.000E-03,2.600E-01
5.2046E-01,2.000E-03,2.400E-01
5.2056E-01,1.200E-03,2.400E-01
5.2066E-01,2.000E-03,2.600E-01
5.2076E-01,2.800E-03,2.200E-01
5.2086E-01,2.000E-03,2.400E-01
5.2096E-01,2.000E-03,2.600E-01
5.2106E-01,2.000E-03,2.800E-01
5.2116E-01,2.800E-03,2.600E-01
5.2126E-01,2.000E-03,2.400E-01
5.2136E-01,2.000E-03,2.600E-01
5.2146E-01,2.000E-03,2.800E-01
5.2156E-01,3.600E-03,2.200E-01
5.2166E-01,1.200E-03,2.400E-01
5.2176E-01,2.000E-03,2.200E-01
5.2186E-01,2.000E-03,2.400E-01
5.2196E-01,1.200E-03,2.400E-01
5.2206E-01,2.800E-03,2.400E-01
5.2216E-01,2.800E-03,2.800E-01
5.2226E-01,3.600E-03,2.600E-01
5.2236E-01,4.000E-04,2.200E-01
5.2246E-01,1.200E-03,2.600E-01
5.2256E-01,2.000E-03,2.000E-01
5.2266E-01,3.600E-03,2.600E-01
5.2276E-01,2.000E-03,2.400E-01
5.2286E-01,2.000E-03,2.200E-01
5.2296E-01,1.200E-03,2.400E-01
5.2307E-01,2.000E-03,2.400E-01
5.2317E-01,3.600E-03,2.600E-01
5.2327E-01,1.200E-03,2.000E-01
5.2337E-01,2.800E-03,2.600E-01
5.2347E-01,2.000E-03,2.400E-01
5.2357E-01,2.000E-03,2.200E-01
5.2367E-01,1.200E-03,2.200E-01
5.2377E-01,2.000E-03,2.000E-01
5.2387E-01,2.000E-03,2.400E-01
5.2397E-01,3.600E-03,2.200E-01
5.2407E-01,2.000E-03,2.200E-01
5.2417E-01,2.000E-03,2.400E-01
5.2427E-01,2.000E-03,2.200E-01
5.2437E-01,1.200E-03,2.200E-01
5.2447E-01,1.200E-03,2.600E-01
5.2457E-01,2.800E-03,2.200E-01
5.2467E-01,1.200E-03,2.200E-01
5.2477E-01,2.000E-03,2.400E-01
5.2487E-01,2.800E-03,2.200E-01
5.2497E-01,2.000E-03,2.400E-01
5.2507E-01,2.000E-03,2.200E-01
5.2517E-01,2.800E-03,2.400E-01
5.2527E-01,2.000E-03,2.000E-01
5.2537E-01,2.000E-03,2.000E-01
5.2547E-01,2.000E-03,2.200E-01
5.2557E-01,2.800E-03,2.200E-01
5.2567E-01,1.200E-03,2.000E-01
5.2577E-01,2.800E-03,2.600E-01
5.2587E-01,2.000E-03,2.200E-01
5.2597E-01,2.800E-03,2.200E-01
5.2607E-01,2.000E-03,2.200E-01
5.2617E-01,2.000E-03,2.400E-01
5.2627E-01,1.200E-03,2.200E-01
5.2637E-01,1.200E-03,2.000E-01
5.2647E-01,2.000E-03,2.400E-01
5.2657E-01,2.800E-03,2.200E-01
5.2667E-01,2.800E-03,2.400E-01
5.2677E-01,3.600E-03,2.200E-01
5.2687E-01,2.000E-03,2.000E-01
5.2697E-01,2.000E-03,2.200E-01
5.2707E-01,3.600E-03,2.400E-01
5.2717E-01,2.000E-03,2.200E-01
5.2727E-01,2.800E-03,2.200E-01
5.2737E-01,2.800E-03,2.200E-01
5.2747E-01,2.800E-03,2.000E-01
5.2757E-01,2.800E-03,2.000E-01
5.2767E-01,2.000E-03,2.000E-01
5.2777E-01,2.800E-03,1.800E-01
5.2787E-01,2.800E-03,2.600E-01
5.2797E-01,3.600E-03,2.200E-01
5.2807E-01,3.600E-03,2.400E-01
5.2817E-01,2.000E-03,2.400E-01
5.2827E-01,1.200E-03,2.200E-01
5.2837E-01,2.000E-03,2.000E-01
5.2847E-01,1.200E-03,2.200E-01
5.2857E-01,2.000E-03,2.200E-01
5.2867E-01,2.000E-03,2.000E-01
5.2877E-01,2.800E-03,1.800E-01
5.2887E-01,2.800E-03,1.800E-01
5.2897E-01,2.000E-03,2.200E-01
5.2907E-01,2.800E-03,2.200E-01
5.2917E-01,3.600E-03,1.600E-01
5.2927E-01,1.200E-03,2.200E-01
5.2937E-01,2.000E-03,1.800E-01
5.2947E-01,2.800E-03,2.000E-01
5.2957E-01,2.000E-03,2.200E-01
5.2967E-01,2.000E-03,2.200E-01
5.2977E-01,2.000E-03,2.000E-01
5.2987E-01,2.000E-03,2.000E-01
5.2997E-01,2.800E-03,2.000E-01
5.3007E-01,2.800E-03,2.200E-01
5.3017E-01,2.800E-03,1.800E-01
5.3027E-01,2.000E-03,2.200E-01
5.3037E-01,2.000E-03,2.200E-01
5.3047E-01,2.800E-03,2.000E-01
5.3057E-01,2.000E-03,2.000E-01
5.3067E-01,2.000E-03,2.000E-01
5.3077E-01,2.000E-03,2.200E-01
5.3087E-01,2.800E-03,1.800E-01
5.3097E-01,2.000E-03,1.800E-01
5.3107E-01,2.000E-03,2.200E-01
5.3117E-01,2.000E-03,1.800E-01
5.3127E-01,2.000E-03,2.000E-01
5.3137E-01,2.000E-03,2.000E-01
5.3147E-01,3.600E-03,2.200E-01
5.3157E-01,2.000E-03,1.800E-01
5.3167E-01,2.000E-03,2.200E-01
5.3177E-01,1.200E-03,2.000E-01
5.3187E-01,2.800E-03,2.000E-01
5.3197E-01,2.000E-03,1.800E-01
5.3207E-01,2.800E-03,2.000E-01
5.3217E-01,2.800E-03,1.800E-01
5.3227E-01,2.000E-03,1.600E-01
5.3237E-01,1.200E-03,1.600E-01
5.3247E-01,2.000E-03,1.800E-01
5.3257E-01,2.000E-03,2.000E-01
5.3267E-01,2.800E-03,1.800E-01
5.3277E-01,1.200E-03,1.800E-01
5.3287E-01,2.800E-03,2.000E-01
5.3297E-01,2.800E-03,1.800E-01
5.3307E-01,3.600E-03,2.000E-01
5.3317E-01,2.800E-03,1.800E-01
5.3327E-01,2.800E-03,1.800E-01
5.3337E-01,2.800E-03,1.600E-01
5.3347E-01,2.000E-03,2.000E-01
5.3357E-01,3.600E-03,2.000E-01
5.3367E-01,2.000E-03,2.000E-01
5.3377E-01,2.000E-03,2.000E-01
5.3387E-01,2.800E-03,2.000E-01
5.3397E-01,2.000E-03,2.000E-01
5.3407E-01,2.000E-03,1.600E-01
5.3417E-01,2.800E-03,1.800E-01
5.3427E-01,2.000E-03,2.000E-01
5.3437E-01,2.000E-03,1.800E-01
5.3447E-01,2.000E-03,2.000E-01
5.3457E-01,2.800E-03,1.600E-01
5.3467E-01,2.800E-03,1.800E-01
5.3477E-01,1.200E-03,2.000E-01
5.3487E-01,2.800E-03,1.800E-01
5.3497E-01,2.000E-03,2.000E-01
5.3507E-01,2.800E-03,1.600E-01
5.3517E-01,2.000E-03,2.000E-01
5.3527E-01,2.000E-03,1.600E-01
5.3537E-01,2.000E-03,1.800E-01
5.3547E-01,2.000E-03,1.800E-01
5.3557E-01,2.000E-03,1.600E-01
5.3567E-01,2.800E-03,1.800E-01
5.3577E-01,1.200E-03,1.600E-01
5.3587E-01,2.000E-03,1.600E-01
5.3597E-01,1.200E-03,1.800E-01
5.3607E-01,4.000E-04,1.800E-01
5.3617E-01,1.200E-03,1.800E-01
5.3627E-01,2.800E-03,2.000E-01
5.3637E-01,1.200E-03,2.200E-01
5.3647E-01,2.000E-03,1.800E-01
5.3657E-01,1.200E-03,1.800E-01
5.3667E-01,2.000E-03,1.600E-01
5.3677E-01,4.000E-04,1.600E-01
5.3687E-01,2.000E-03,1.600E-01
5.3697E-01,2.000E-03,1.800E-01
5.3707E-01,2.000E-03,1.600E-01
5.3717E-01,2.000E-03,1.400E-01
5.3727E-01,2.000E-03,1.600E-01
5.3737E-01,2.000E-03,1.800E-01
5.3747E-01,2.800E-03,1.600E-01
5.3757E-01,2.800E-03,1.600E-01
5.3767E-01,2.000E-03,1.800E-01
5.3777E-01,2.800E-03,1.600E-01
5.3787E-01,2.800E-03,1.800E-01
5.3797E-01,2.800E-03,1.800E-01
5.3807E-01,2.000E-03,1.800E-01
5.3817E-01,2.800E-03,1.600E-01
5.3827E-01,2.800E-03,1.600E-01
5.3837E-01,2.000E-03,2.000E-01
5.3847E-01,2.000E-03,1.600E-01
5.3857E-01,2.800E-03,1.600E-01
5.3867E-01,2.000E-03,1.400E-01
5.3877E-01,2.800E-03,1.600E-01
5.3887E-01,2.800E-03,1.800E-01
5.3897E-01,2.000E-03,1.600E-01
5.3907E-01,2.800E-03,2.000E-01
5.3917E-01,2.000E-03,1.600E-01
5.3927E-01,1.200E-03,1.800E-01
5.3937E-01,2.000E-03,1.400E-01
5.3947E-01,2.800E-03,1.600E-01
5.3957E-01,2.000E-03,1.400E-01
5.3967E-01,1.200E-03,1.600E-01
5.3977E-01,2.000E-03,1.600E-01
5.3987E-01,1.200E-03,1.400E-01
5.3997E-01,2.800E-03,1.800E-01
5.4007E-01,2.800E-03,1.600E-01
5.4017E-01,2.000E-03,1.600E-01
5.4027E-01,2.800E-03,1.800E-01
5.4037E-01,2.000E-03,1.400E-01
5.4047E-01,1.200E-03,1.600E-01
5.4057E-01,2.000E-03,1.400E-01
5.4067E-01,2.800E-03,1.600E-01
5.4077E-01,2.800E-03,1.400E-01
5.4087E-01,2.000E-03,1.200E-01
5.4097E-01,2.000E-03,1.600E-01
5.4107E-01,2.000E-03,1.400E-01
5.4117E-01,2.000E-03,1.600E-01
5.4127E-01,2.800E-03,1.600E-01
5.4137E-01,3.600E-03,1.600E-01
5.4147E-01,3.600E-03,1.400E-01
5.4157E-01,2.000E-03,1.400E-01
5.4167E-01,2.800E-03,1.400E-01
5.4177E-01,2.000E-03,1.400E-01
5.4187E-01,2.000E-03,1.800E-01
5.4197E-01,2.000E-03,1.600E-01
5.4207E-01,2.800E-03,1.400E-01
5.4217E-01,2.800E-03,1.400E-01
5.4227E-01,1.200E-03,1.600E-01
5.4237E-01,2.000E-03,1.400E-01
5.4247E-01,2.000E-03,1.400E-01
5.4257E-01,2.000E-03,1.400E-01
5.4267E-01,2.800E-03,1.400E-01
5.4277E-01,1.200E-03,1.400E-01
5.4287E-01,2.800E-03,1.400E-01
5.4297E-01,1.200E-03,1.600E-01
5.4308E-01,2.000E-03,1.400E-01
5.4318E-01,2.800E-03,1.400E-01
5.4328E-01,2.800E-03,1.600E-01
5.4338E-01,2.800E-03,1.200E-01
5.4348E-01,2.800E-03,1.800E-01
5.4358E-01,3.600E-03,1.400E-01
5.4368E-01,2.000E-03,1.800E-01
5.4378E-01,2.000E-03,1.400E-01
5.4388E-01,2.000E-03,2.000E-01
5.4398E-01,2.000E-03,1.400E-01
5.4408E-01,2.800E-03,1.600E-01
5.4418E-01,2.800E-03,1.200E-01
5.4428E-01,2.000E-03,1.200E-01
5.4438E-01,2.000E-03,1.600E-01
5.4448E-01,4.000E-04,1.200E-01
5.4458E-01,2.800E-03,1.600E-01
5.4468E-01,2.000E-03,1.200E-01
5.4478E-01,3.600E-03,1.600E-01
5.4488E-01,2.000E-03,1.400E-01
5.4498E-01,2.800E-03,1.200E-01
5.4508E-01,2.000E-03,1.200E-01
5.4518E-01,2.800E-03,1.400E-01
5.4528E-01,1.200E-03,1.600E-01
5.4538E-01,2.000E-03,1.400E-01
5.4548E-01,2.000E-03,1.200E-01
5.4558E-01,2.000E-03,1.400E-01
5.4568E-01,2.000E-03,1.600E-01
5.4578E-01,4.000E-04,1.400E-01
5.4588E-01,2.000E-03,1.400E-01
5.4598E-01,1.200E-03,1.200E-01
5.4608E-01,2.000E-03,1.600E-01
5.4618E-01,4.000E-04,1.000E-01
5.4628E-01,2.800E-03,1.400E-01
5.4638E-01,2.000E-03,1.200E-01
5.4648E-01,2.000E-03,1.000E-01
5.4658E-01,2.000E-03,1.400E-01
5.4668E-01,3.600E-03,1.400E-01
5.4678E-01,2.800E-03,1.200E-01
5.4688E-01,2.800E-03,1.200E-01
5.4698E-01,1.200E-03,1.400E-01
5.4708E-01,2.000E-03,1.400E-01
5.4718E-01,2.000E-03,1.400E-01
5.4728E-01,2.800E-03,1.400E-01
5.4738E-01,2.000E-03,1.600E-01
5.4748E-01,2.000E-03,1.400E-01
5.4758E-01,2.000E-03,1.200E-01
5.4768E-01,2.000E-03,1.600E-01
5.4778E-01,2.000E-03,1.200E-01
5.4788E-01,2.000E-03,1.400E-01
5.4798E-01,2.000E-03,1.200E-01
5.4808E-01,2.000E-03,1.400E-01
5.4818E-01,2.000E-03,1.200E-01
5.4828E-01,2.800E-03,1.000E-01
5.4838E-01,2.000E-03,1.200E-01
5.4848E-01,1.200E-03,1.200E-01
5.4858E-01,2.000E-03,1.000E-01
5.4868E-01,1.200E-03,1.400E-01
5.4878E-01,2.800E-03,1.200E-01
5.4888E-01,1.200E-03,1.600E-01
5.4898E-01,2.800E-03,1.400E-01
5.4908E-01,1.200E-03,1.200E-01
5.4918E-01,1.200E-03,1.000E-01
5.4928E-01,1.200E-03,1.200E-01
5.4938E-01,2.000E-03,1.200E-01
5.4948E-01,1.200E-03,1.200E-01
5.4958E-01,2.000E-03,1.200E-01
5.4968E-01,2.000E-03,1.200E-01
5.4978E-01,4.000E-04,1.400E-01
5.4988E-01,1.200E-03,1.400E-01
5.4998E-01,2.000E-03,1.000E-01
5.5008E-01,2.000E-03,1.000E-01
5.5018E-01,1.200E-03,1.000E-01
5.5028E-01,1.200E-03,1.200E-01
5.5038E-01,1.200E-03,1.000E-01
5.5048E-01,2.000E-03,1.000E-01
5.5058E-01,1.200E-03,1.200E-01
5.5068E-01,2.000E-03,1.000E-01
5.5078E-01,1.200E-03,1.400E-01
5.5088E-01,4.000E-04,1.000E-01
5.5098E-01,1.200E-03,1.000E-01
5.5108E-01,1.200E-03,1.000E-01
5.5118E-01,1.200E-03,8.000E-02
5.5128E-01,1.200E-03,1.200E-01
5.5138E-01,1.200E-03,1.400E-01
5.5148E-01,1.200E-03,1.400E-01
5.5158E-01,4.000E-04,1.000E-01
5.5168E-01,1.200E-03,1.200E-01
5.5178E-01,4.000E-04,1.000E-01
5.5188E-01,1.200E-03,1.000E-01
5.5198E-01,1.200E-03,1.200E-01
5.5208E-01,1.200E-03,1.200E-01
5.5218E-01,4.000E-04,1.000E-01
5.5228E-01,-4.000E-04,1.200E-01
5.5238E-01,-1.200E-03,1.000E-01
5.5248E-01,4.000E-04,1.200E-01
5.5258E-01,-4.000E-04,1.000E-01
5.5268E-01,4.000E-04,1.200E-01
5.5278E-01,4.000E-04,1.000E-01
5.5288E-01,1.200E-03,1.200E-01
5.5298E-01,-1.200E-03,1.200E-01
5.5308E-01,4.000E-04,1.000E-01
5.5318E-01,-1.200E-03,1.200E-01
5.5328E-01,-4.000E-04,1.000E-01
5.5338E-01,4.000E-04,1.000E-01
5.5348E-01,-4.000E-04,8.000E-02
5.5358E-01,-4.000E-04,1.200E-01
5.5368E-01,-1.200E-03,1.200E-01
5.5378E-01,-4.000E-04,1.200E-01
5.5388E-01,-2.000E-03,1.000E-01
5.5398E-01,-1.200E-03,1.200E-01
5.5408E-01,-2.800E-03,6.000E-02
5.5418E-01,-2.000E-03,1.000E-01
5.5428E-01,-2.000E-03,1.200E-01
5.5438E-01,-1.200E-03,1.000E-01
5.5448E-01,-2.000E-03,8.000E-02
5.5458E-01,-2.800E-03,1.200E-01
5.5468E-01,-3.600E-03,1.000E-01
5.5478E-01,-2.800E-03,1.000E-01
5.5488E-01,-3.600E-03,8.000E-02
5.5498E-01,-2.800E-03,1.000E-01
5.5508E-01,-2.800E-03,1.200E-01
5.5518E-01,-3.600E-03,1.200E-01
5.5528E-01,-4.400E-03,8.000E-02
5.5538E-01,-4.400E-03,1.200E-01
5.5548E-01,-5.200E-03,8.000E-02
5.5558E-01,-4.400E-03,1.000E-01
5.5568E-01,-5.200E-03,1.000E-01
5.5578E-01,-5.200E-03,1.200E-01
5.5588E-01,-5.200E-03,1.000E-01
5.5598E-01,-5.200E-03,1.000E-01
5.5608E-01,-6.800E-03,8.000E-02
5.5618E-01,-6.000E-03,1.000E-01
5.5628E-01,-6.000E-03,8.000E-02
5.5638E-01,-6.800E-03,6.000E-02
5.5648E-01,-6.800E-03,8.000E-02
5.5658E-01,-7.600E-03,1.000E-01
5.5668E-01,-8.400E-03,1.000E-01
5.5678E-01,-8.400E-03,1.000E-01
5.5688E-01,-6.800E-03,8.000E-02
5.5698E-01,-9.200E-03,8.000E-02
5.5708E-01,-1.000E-02,8.000E-02
5.5718E-01,-8.400E-03,8.000E-02
5.5728E-01,-9.200E-03,1.000E-01
5.5738E-01,-8.400E-03,8.000E-02
5.5748E-01,-1.000E-02,6.000E-02
5.5758E-01,-1.000E-02,1.000E-01
5.5768E-01,-1.000E-02,8.000E-02
5.5778E-01,-1.080E-02,8.000E-02
5.5788E-01,-1.080E-02,8.000E-02
5.5798E-01,-9.200E-03,8.000E-02
5.5808E-01,-9.200E-03,1.000E-01
5.5818E-01,-9.200E-03,8.000E-02
5.5828E-01,-1.000E-02,6.000E-02
5.5838E-01,-9.200E-03,8.000E-02
5.5848E-01,-1.000E-02,8.000E-02
5.5858E-01,-1.000E-02,8.000E-02
5.5868E-01,-1.080E-02,8.000E-02
5.5878E-01,-1.240E-02,8.000E-02
5.5888E-01,-1.160E-02,8.000E-02
5.5898E-01,-1.160E-02,8.000E-02
5.5908E-01,-1.320E-02,6.000E-02
5.5918E-01,-1.240E-02,1.000E-01
5.5928E-01,-1.400E-02,1.000E-01
5.5938E-01,-1.240E-02,1.000E-01
5.5948E-01,-1.240E-02,8.000E-02
5.5958E-01,-1.320E-02,6.000E-02
5.5968E-01,-1.320E-02,1.200E-01
5.5978E-01,-1.240E-02,8.000E-02
5.5988E-01,-1.240E-02,8.000E-02
5.5998E-01,-1.240E-02,1.000E-01
5.6008E-01,-1.240E-02,4.000E-02
5.6018E-01,-1.160E-02,1.000E-01
5.6028E-01,-1.160E-02,6.000E-02
5.6038E-01,-1.240E-02,6.000E-02
5.6048E-01,-1.400E-02,1.000E-01
5.6058E-01,-1.400E-02,8.000E-02
5.6068E-01,-1.400E-02,8.000E-02
5.6078E-01,-1.480E-02,6.000E-02
5.6088E-01,-1.480E-02,6.000E-02
5.6098E-01,-1.480E-02,4.000E-02
5.6108E-01,-1.400E-02,8.000E-02
5.6118E-01,-1.320E-02,4.000E-02
5.6128E-01,-1.320E-02,1.000E-01
5.6138E-01,-1.240E-02,8.000E-02
5.6148E-01,-1.240E-02,8.000E-02
5.6158E-01,-1.320E-02,8.000E-02
5.6168E-01,-1.240E-02,4.000E-02
5.6178E-01,-1.320E-02,4.000E-02
5.6188E-01,-1.320E-02,8.000E-02
5.6198E-01,-1.400E-02,6.000E-02
5.6208E-01,-1.560E-02,4.000E-02
5.6218E-01,-1.480E-02,8.000E-02
5.6228E-01,-1.480E-02,6.000E-02
5.6238E-01,-1.640E-02,4.000E-02
5.6248E-01,-1.640E-02,8.000E-02
5.6258E-01,-1.800E-02,6.000E-02
5.6268E-01,-1.720E-02,8.000E-02
5.6278E-01,-1.720E-02,6.000E-02
5.6288E-01,-1.720E-02,6.000E-02
5.6298E-01,-1.560E-02,6.000E-02
5.6309E-01,-1.480E-02,6.000E-02
5.6319E-01,-1.480E-02,4.000E-02
5.6329E-01,-1.480E-02,6.000E-02
5.6339E-01,-1.480E-02,6.000E-02
5.6349E-01,-1.480E-02,8.000E-02
5.6359E-01,-1.480E-02,2.000E-02
5.6369E-01,-1.480E-02,4.000E-02
5.6379E-01,-1.320E-02,2.000E-02
5.6389E-01,-1.400E-02,6.000E-02
5.6399E-01,-1.400E-02,6.000E-02
5.6409E-01,-1.400E-02,8.000E-02
5.6419E-01,-1.160E-02,6.000E-02
5.6429E-01,-1.160E-02,6.000E-02
5.6439E-01,-1.240E-02,6.000E-02
5.6449E-01,-1.160E-02,4.000E-02
5.6459E-01,-1.080E-02,1.000E-01
5.6469E-01,-1.160E-02,4.000E-02
5.6479E-01,-1.160E-02,4.000E-02
5.6489E-01,-1.240E-02,8.000E-02
5.6499E-01,-1.080E-02,2.000E-02
5.6509E-01,-1.160E-02,6.000E-02
5.6519E-01,-1.240E-02,8.000E-02
5.6529E-01,-1.240E-02,1.000E-01
5.6539E-01,-1.000E-02,2.000E-02
5.6549E-01,-1.000E-02,6.000E-02
5.6559E-01,-1.000E-02,8.000E-02
5.6569E-01,-1.000E-02,2.000E-02
5.6579E-01,-1.080E-02,4.000E-02
5.6589E-01,-9.200E-03,6.000E-02
5.6599E-01,-9.200E-03,6.000E-02
5.6609E-01,-7.600E-03,4.000E-02
5.6619E-01,-7.600E-03,4.000E-02
5.6629E-01,-6.800E-03,2.000E-02
5.6639E-01,-7.600E-03,6.000E-02
5.6649E-01,-6.000E-03,6.000E-02
5.6659E-01,-6.800E-03,4.000E-02
5.6669E-01,-6.000E-03,4.000E-02
5.6679E-01,-5.200E-03,4.000E-02
5.6689E-01,-6.000E-03,4.000E-02
5.6699E-01,-6.000E-03,4.000E-02
5.6709E-01,-5.200E-03,4.000E-02
5.6719E-01,-5.200E-03,8.000E-02
5.6729E-01,-4.400E-03,4.000E-02
5.6739E-01,-4.400E-03,4.000E-02
5.6749E-01,-2.800E-03,6.000E-02
5.6759E-01,-3.600E-03,4.000E-02
5.6769E-01,-4.400E-03,-1.800E-15
5.6779E-01,-3.600E-03,4.000E-02
5.6789E-01,-1.200E-03,4.000E-02
5.6799E-01,-2.000E-03,6.000E-02
5.6809E-01,-2.800E-03,6.000E-02
5.6819E-01,-2.000E-03,8.000E-02
5.6829E-01,-1.200E-03,6.000E-02
5.6839E-01,-3.600E-03,4.000E-02
5.6849E-01,4.000E-04,6.000E-02
5.6859E-01,4.000E-04,2.000E-02
5.6869E-01,4.000E-04,4.000E-02
5.6879E-01,-4.000E-04,4.000E-02
5.6889E-01,-4.000E-04,6.000E-02
5.6899E-01,4.000E-04,4.000E-02
5.6909E-01,-4.000E-04,4.000E-02
5.6919E-01,1.200E-03,6.000E-02
5.6929E-01,4.000E-04,6.000E-02
5.6939E-01,4.000E-04,4.000E-02
5.6949E-01,4.000E-04,4.000E-02
5.6959E-01,2.000E-03,4.000E-02
5.6969E-01,1.200E-03,6.000E-02
5.6979E-01,1.200E-03,2.000E-02
5.6989E-01,2.000E-03,6.000E-02
5.6999E-01,2.000E-03,4.000E-02
5.7009E-01,2.800E-03,4.000E-02
5.7019E-01,1.200E-03,4.000E-02
5.7029E-01,3.600E-03,6.000E-02
5.7039E-01,2.000E-03,4.000E-02
5.7049E-01,2.800E-03,6.000E-02
5.7059E-01,2.800E-03,4.000E-02
5.7069E-01,2.800E-03,4.000E-02
5.7079E-01,2.800E-03,2.000E-02
5.7089E-01,2.800E-03,-1.800E-15
5.7099E-01,2.800E-03,8.000E-02
5.7109E-01,2.800E-03,4.000E-02
5.7119E-01,3.600E-03,2.000E-02
5.7129E-01,3.600E-03,-1.800E-15
5.7139E-01,2.800E-03,-1.800E-15
5.7149E-01,2.000E-03,2.000E-02
5.7159E-01,2.800E-03,2.000E-02
5.7169E-01,2.800E-03,4.000E-02
5.7179E-01,3.600E-03,4.000E-02
5.7189E-01,2.800E-03,4.000E-02
5.7199E-01,2.800E-03,2.000E-02
5.7209E-01,3.600E-03,4.000E-02
5.7219E-01,3.600E-03,-1.800E-15
5.7229E-01,3.600E-03,2.000E-02
5.7239E-01,2.800E-03,2.000E-02
5.7249E-01,3.600E-03,-2.000E-02
5.7259E-01,3.600E-03,4.000E-02
5.7269E-01,3.600E-03,-1.800E-15
5.7279E-01,4.400E-03,-1.800E-15
5.7289E-01,2.800E-03,2.000E-02
5.7299E-01,3.600E-03,2.000E-02
5.7309E-01,3.600E-03,-1.800E-15
5.7319E-01,3.600E-03,4.000E-02
5.7329E-01,5.200E-03,2.000E-02
5.7339E-01,3.600E-03,2.000E-02
5.7349E-01,2.800E-03,4.000E-02
5.7359E-01,4.400E-03,4.000E-02
5.7369E-01,4.400E-03,6.000E-02
5.7379E-01,3.600E-03,2.000E-02
5.7389E-01,4.400E-03,6.000E-02
5.7399E-01,3.600E-03,4.000E-02
5.7409E-01,3.600E-03,-1.800E-15
5.7419E-01,4.400E-03,2.000E-02
5.7429E-01,3.600E-03,-1.800E-15
5.7439E-01,3.600E-03,2.000E-02
5.7449E-01,4.400E-03,-1.800E-15
5.7459E-01,3.600E-03,4.000E-02
5.7469E-01,3.600E-03,2.000E-02
5.7479E-01,4.400E-03,4.000E-02
5.7489E-01,3.600E-03,4.000E-02
5.7499E-01,2.800E-03,-2.000E-02
5.7509E-01,3.600E-03,-1.800E-15
5.7519E-01,2.800E-03,2.000E-02
5.7529E-01,4.400E-03,2.000E-02
5.7539E-01,4.400E-03,2.000E-02
5.7549E-01,3.600E-03,4.000E-02
5.7559E-01,2.800E-03,-1.800E-15
5.7569E-01,2.800E-03,-1.800E-15
5.7579E-01,4.400E-03,2.000E-02
5.7589E-01,4.400E-03,-1.800E-15
5.7599E-01,3.600E-03,2.000E-02
5.7609E-01,4.400E-03,-1.800E-15
5.7619E-01,3.600E-03,-1.800E-15
5.7629E-01,3.600E-03,-1.800E-15
5.7639E-01,3.600E-03,-2.000E-02
5.7649E-01,2.800E-03,-4.000E-02
5.7659E-01,3.600E-03,2.000E-02
5.7669E-01,3.600E-03,-1.800E-15
5.7679E-01,3.600E-03,2.000E-02
5.7689E-01,2.800E-03,-1.800E-15
5.7699E-01,4.400E-03,2.000E-02
5.7709E-01,4.400E-03,-2.000E-02
5.7719E-01,4.400E-03,-2.000E-02
5.7729E-01,3.600E-03,-1.800E-15
5.7739E-01,3.600E-03,-1.800E-15
5.7749E-01,4.400E-03,-1.800E-15
5.7759E-01,4.400E-03,-1.800E-15
5.7769E-01,2.800E-03,-1.800E-15
5.7779E-01,4.400E-03,-2.000E-02
5.7789E-01,4.400E-03,2.000E-02
5.7799E-01,4.400E-03,-4.000E-02
5.7809E-01,2.800E-03,2.000E-02
5.7819E-01,3.600E-03,-1.800E-15
5.7829E-01,3.600E-03,-1.800E-15
5.7839E-01,3.600E-03,2.000E-02
5.7849E-01,3.600E-03,2.000E-02
5.7859E-01,2.800E-03,-2.000E-02
5.7869E-01,2.800E-03,-2.000E-02
5.7879E-01,3.600E-03,-1.800E-15
5.7889E-01,4.400E-03,-1.800E-15
5.7899E-01,3.600E-03,-2.000E-02
5.7909E-01,5.200E-03,-1.800E-15
5.7919E-01,4.400E-03,2.000E-02
5.7929E-01,2.800E-03,2.000E-02
5.7939E-01,2.800E-03,2.000E-02
5.7949E-01,3.600E-03,-1.800E-15
5.7959E-01,3.600E-03,-2.000E-02
5.7969E-01,4.400E-03,-2.000E-02
5.7979E-01,5.200E-03,-1.800E-15
5.7989E-01,2.800E-03,-1.800E-15
5.7999E-01,2.800E-03,-4.000E-02
5.8009E-01,3.600E-03,2.000E-02
5.8019E-01,4.400E-03,-2.000E-02
5.8029E-01,4.400E-03,-1.800E-15
5.8039E-01,2.800E-03,-1.800E-15
5.8049E-01,3.600E-03,-1.800E-15
5.8059E-01,3.600E-03,-1.800E-15
5.8069E-01,4.400E-03,-4.000E-02
5.8079E-01,2.000E-03,-6.000E-02
5.8089E-01,3.600E-03,-1.800E-15
5.8099E-01,4.400E-03,-2.000E-02
5.8109E-01,2.800E-03,-2.000E-02
5.8119E-01,4.400E-03,-6.000E-02
5.8129E-01,3.600E-03,-1.800E-15
5.8139E-01,3.600E-03,-6.000E-02
5.8149E-01,2.000E-03,-1.800E-15
5.8159E-01,3.600E-03,-2.000E-02
5.8169E-01,3.600E-03,-2.000E-02
5.8179E-01,2.800E-03,-4.000E-02
5.8189E-01,2.800E-03,-2.000E-02
5.8199E-01,3.600E-03,2.000E-02
5.8209E-01,4.400E-03,-2.000E-02
5.8219E-01,4.400E-03,-2.000E-02
5.8229E-01,4.400E-03,-2.000E-02
5.8239E-01,3.600E-03,-2.000E-02
5.8249E-01,4.400E-03,-2.000E-02
5.8259E-01,3.600E-03,-4.000E-02
5.8269E-01,4.400E-03,-4.000E-02
5.8279E-01,4.400E-03,-2.000E-02
5.8289E-01,3.600E-03,-4.000E-02
5.8299E-01,4.400E-03,-2.000E-02
5.8310E-01,3.600E-03,-2.000E-02
5.8320E-01,3.600E-03,-1.800E-15
5.8330E-01,4.400E-03,-2.000E-02
5.8340E-01,3.600E-03,-2.000E-02
5.8350E-01,4.400E-03,-1.800E-15
5.8360E-01,3.600E-03,-1.800E-15
5.8370E-01,3.600E-03,-2.000E-02
5.8380E-01,4.400E-03,-1.800E-15
5.8390E-01,2.800E-03,-1.800E-15
5.8400E-01,4.400E-03,-2.000E-02
5.8410E-01,3.600E-03,-1.800E-15
5.8420E-01,3.600E-03,-4.000E-02
5.8430E-01,5.200E-03,-2.000E-02
5.8440E-01,3.600E-03,-2.000E-02
5.8450E-01,5.200E-03,-2.000E-02
5.8460E-01,4.400E-03,-4.000E-02
5.8470E-01,3.600E-03,-2.000E-02
5.8480E-01,3.600E-03,-4.000E-02
5.8490E-01,3.600E-03,-4.000E-02
5.8500E-01,5.200E-03,-4.000E-02
5.8510E-01,3.600E-03,-2.000E-02
5.8520E-01,3.600E-03,-4.000E-02
5.8530E-01,4.400E-03,-4.000E-02
5.8540E-01,4.400E-03,-4.000E-02
5.8550E-01,2.800E-03,-4.000E-02
5.8560E-01,3.600E-03,-4.000E-02
5.8570E-01,4.400E-03,-2.000E-02
5.8580E-01,3.600E-03,-2.000E-02
5.8590E-01,4.400E-03,-4.000E-02
5.8600E-01,3.600E-03,-2.000E-02
5.8610E-01,3.600E-03,-6.000E-02
5.8620E-01,3.600E-03,-6.000E-02
5.8630E-01,4.400E-03,-6.000E-02
5.8640E-01,3.600E-03,-2.000E-02
5.8650E-01,2.800E-03,-2.000E-02
5.8660E-01,4.400E-03,-4.000E-02
5.8670E-01,3.600E-03,-6.000E-02
5.8680E-01,4.400E-03,-6.000E-02
5.8690E-01,3.600E-03,-4.000E-02
5.8700E-01,4.400E-03,-4.000E-02
5.8710E-01,2.800E-03,-4.000E-02
5.8720E-01,4.400E-03,-1.800E-15
5.8730E-01,2.800E-03,-6.000E-02
5.8740E-01,5.200E-03,-4.000E-02
5.8750E-01,4.400E-03,-4.000E-02
5.8760E-01,4.400E-03,-8.000E-02
5.8770E-01,2.800E-03,-2.000E-02
5.8780E-01,3.600E-03,-4.000E-02
5.8790E-01,2.800E-03,-4.000E-02
5.8800E-01,3.600E-03,-2.000E-02
5.8810E-01,3.600E-03,-2.000E-02
5.8820E-01,2.800E-03,-6.000E-02
5.8830E-01,3.600E-03,-6.000E-02
5.8840E-01,2.800E-03,-4.000E-02
5.8850E-01,2.800E-03,-4.000E-02
5.8860E-01,4.400E-03,-6.000E-02
5.8870E-01,3.600E-03,-1.000E-01
5.8880E-01,3.600E-03,-4.000E-02
5.8890E-01,2.800E-03,-6.000E-02
5.8900E-01,3.600E-03,-4.000E-02
5.8910E-01,4.400E-03,-6.000E-02
5.8920E-01,3.600E-03,-2.000E-02
5.8930E-01,3.600E-03,-8.000E-02
5.8940E-01,3.600E-03,-4.000E-02
5.8950E-01,4.400E-03,-6.000E-02
5.8960E-01,3.600E-03,-6.000E-02
5.8970E-01,3.600E-03,-1.800E-15
5.8980E-01,4.400E-03,-4.000E-02
5.8990E-01,2.800E-03,-2.000E-02
5.9000E-01,3.600E-03,-4.000E-02
5.9010E-01,3.600E-03,-8.000E-02
5.9020E-01,4.400E-03,-4.000E-02
5.9030E-01,5.200E-03,-4.000E-02
5.9040E-01,4.400E-03,-4.000E-02
5.9050E-01,2.800E-03,-4.000E-02
5.9060E-01,3.600E-03,-2.000E-02
5.9070E-01,2.800E-03,-4.000E-02
5.9080E-01,4.400E-03,-4.000E-02
5.9090E-01,2.000E-03,-4.000E-02
5.9100E-01,3.600E-03,-6.000E-02
5.9110E-01,3.600E-03,-4.000E-02
5.9120E-01,3.600E-03,-6.000E-02
5.9130E-01,2.800E-03,-2.000E-02
5.9140E-01,3.600E-03,-8.000E-02
5.9150E-01,5.200E-03,-4.000E-02
5.9160E-01,3.600E-03,-4.000E-02
5.9170E-01,4.400E-03,-6.000E-02
5.9180E-01,3.600E-03,-8.000E-02
5.9190E-01,4.400E-03,-4.000E-02
5.9200E-01,4.400E-03,-6.000E-02
5.9210E-01,3.600E-03,-6.000E-02
5.9220E-01,3.600E-03,-2.000E-02
5.9230E-01,4.400E-03,-8.000E-02
5.9240E-01,4.400E-03,-2.000E-02
5.9250E-01,3.600E-03,-6.000E-02
5.9260E-01,4.400E-03,-8.000E-02
5.9270E-01,3.600E-03,-6.000E-02
5.9280E-01,4.400E-03,-6.000E-02
5.9290E-01,2.000E-03,-6.000E-02
5.9300E-01,3.600E-03,-6.000E-02
5.9310E-01,2.800E-03,-6.000E-02
5.9320E-01,2.800E-03,-6.000E-02
5.9330E-01,4.400E-03,-8.000E-02
5.9340E-01,5.200E-03,-8.000E-02
5.9350E-01,2.800E-03,-6.000E-02
5.9360E-01,2.800E-03,-6.000E-02
5.9370E-01,3.600E-03,-6.000E-02
5.9380E-01,3.600E-03,-6.000E-02
5.9390E-01,3.600E-03,-8.000E-02
5.9400E-01,2.000E-03,-6.000E-02
5.9410E-01,2.800E-03,-6.000E-02
5.9420E-01,3.600E-03,-1.000E-01
5.9430E-01,4.400E-03,-6.000E-02
5.9440E-01,2.800E-03,-6.000E-02
5.9450E-01,4.400E-03,-8.000E-02
5.9460E-01,3.600E-03,-6.000E-02
5.9470E-01,3.600E-03,-1.000E-01
5.9480E-01,2.800E-03,-6.000E-02
5.9490E-01,3.600E-03,-6.000E-02
5.9500E-01,3.600E-03,-6.000E-02
5.9510E-01,3.600E-03,-8.000E-02
5.9520E-01,3.600E-03,-8.000E-02
5.9530E-01,3.600E-03,-6.000E-02
5.9540E-01,3.600E-03,-8.000E-02
5.9550E-01,3.600E-03,-1.000E-01
5.9560E-01,3.600E-03,-8.000E-02
5.9570E-01,3.600E-03,-6.000E-02
5.9580E-01,3.600E-03,-8.000E-02
5.9590E-01,3.600E-03,-6.000E-02
5.9600E-01,4.400E-03,-8.000E-02
5.9610E-01,2.800E-03,-8.000E-02
5.9620E-01,5.200E-03,-8.000E-02
5.9630E-01,2.000E-03,-1.000E-01
5.9640E-01,3.600E-03,-8.000E-02
5.9650E-01,2.000E-03,-6.000E-02
5.9660E-01,4.400E-03,-8.000E-02
5.9670E-01,2.800E-03,-6.000E-02
5.9680E-01,2.800E-03,-6.000E-02
5.9690E-01,4.400E-03,-1.000E-01
5.9700E-01,3.600E-03,-8.000E-02
5.9710E-01,4.400E-03,-8.000E-02
5.9720E-01,2.800E-03,-1.000E-01
5.9730E-01,2.800E-03,-8.000E-02
5.9740E-01,4.400E-03,-6.000E-02
5.9750E-01,3.600E-03,-8.000E-02
5.9760E-01,2.000E-03,-1.000E-01
5.9770E-01,4.400E-03,-8.000E-02
5.9780E-01,3.600E-03,-8.000E-02
5.9790E-01,3.600E-03,-8.000E-02
5.9800E-01,2.000E-03,-1.000E-01
5.9810E-01,2.800E-03,-1.000E-01
5.9820E-01,4.400E-03,-8.000E-02
5.9830E-01,2.800E-03,-8.000E-02
5.9840E-01,4.400E-03,-1.000E-01
5.9850E-01,4.400E-03,-1.000E-01
5.9860E-01,4.400E-03,-1.000E-01
5.9870E-01,2.000E-03,-1.200E-01
5.9880E-01,3.600E-03,-1.000E-01
5.9890E-01,3.600E-03,-8.000E-02
5.9900E-01,3.600E-03,-1.000E-01
5.9910E-01,3.600E-03,-8.000E-02
5.9920E-01,3.600E-03,-1.000E-01
5.9930E-01,3.600E-03,-1.200E-01
5.9940E-01,2.000E-03,-1.200E-01
5.9950E-01,3.600E-03,-8.000E-02
5.9960E-01,4.400E-03,-1.200E-01
5.9970E-01,2.800E-03,-1.200E-01
5.9980E-01,2.800E-03,-1.200E-01
5.9990E-01,3.600E-03,-8.000E-02
6.0000E-01,4.400E-03,-6.000E-02
6.0010E-01,2.800E-03,-1.000E-01
6.0020E-01,4.400E-03,-1.000E-01
6.0030E-01,2.800E-03,-1.000E-01
6.0040E-01,3.600E-03,-8.000E-02
6.0050E-01,2.800E-03,-1.000E-01
6.0060E-01,2.800E-03,-6.000E-02
6.0070E-01,3.600E-03,-1.200E-01
6.0080E-01,3.600E-03,-1.000E-01
6.0090E-01,4.400E-03,-8.000E-02
6.0100E-01,2.800E-03,-1.000E-01
6.0110E-01,2.800E-03,-8.000E-02
6.0120E-01,3.600E-03,-8.000E-02
6.0130E-01,3.600E-03,-8.000E-02
6.0140E-01,2.800E-03,-1.000E-01
6.0150E-01,4.400E-03,-1.000E-01
6.0160E-01,3.600E-03,-1.000E-01
6.0170E-01,3.600E-03,-8.000E-02
6.0180E-01,3.600E-03,-1.000E-01
6.0190E-01,4.400E-03,-8.000E-02
6.0200E-01,3.600E-03,-1.000E-01
6.0210E-01,2.800E-03,-1.000E-01
6.0220E-01,2.800E-03,-1.200E-01
6.0230E-01,2.800E-03,-1.000E-01
6.0240E-01,3.600E-03,-1.000E-01
6.0250E-01,2.800E-03,-1.000E-01
6.0260E-01,3.600E-03,-8.000E-02
6.0270E-01,2.800E-03,-1.000E-01
6.0280E-01,4.400E-03,-1.000E-01
6.0290E-01,2.800E-03,-8.000E-02
6.0300E-01,3.600E-03,-1.000E-01
6.0311E-01,3.600E-03,-1.000E-01
6.0321E-01,4.400E-03,-1.000E-01
6.0331E-01,2.800E-03,-1.200E-01
6.0341E-01,2.800E-03,-1.000E-01
6.0351E-01,2.000E-03,-1.000E-01
6.0361E-01,3.600E-03,-1.000E-01
6.0371E-01,2.800E-03,-1.200E-01
6.0381E-01,2.800E-03,-1.200E-01
6.0391E-01,3.600E-03,-1.000E-01
6.0401E-01,3.600E-03,-1.000E-01
6.0411E-01,4.400E-03,-1.200E-01
6.0421E-01,3.600E-03,-1.400E-01
6.0431E-01,3.600E-03,-1.000E-01
6.0441E-01,3.600E-03,-1.200E-01
6.0451E-01,2.000E-03,-1.400E-01
6.0461E-01,2.800E-03,-1.200E-01
6.0471E-01,5.200E-03,-1.000E-01
6.0481E-01,3.600E-03,-8.000E-02
6.0491E-01,3.600E-03,-1.200E-01
6.0501E-01,2.800E-03,-1.000E-01
6.0511E-01,3.600E-03,-1.200E-01
6.0521E-01,2.800E-03,-1.400E-01
6.0531E-01,3.600E-03,-1.200E-01
6.0541E-01,3.600E-03,-1.400E-01
6.0551E-01,3.600E-03,-1.000E-01
6.0561E-01,4.400E-03,-1.000E-01
6.0571E-01,3.600E-03,-1.200E-01
6.0581E-01,3.600E-03,-1.200E-01
6.0591E-01,3.600E-03,-1.200E-01
6.0601E-01,4.400E-03,-1.000E-01
6.0611E-01,3.600E-03,-1.200E-01
6.0621E-01,2.800E-03,-1.000E-01
6.0631E-01,2.800E-03,-1.000E-01
6.0641E-01,3.600E-03,-1.200E-01
6.0651E-01,2.800E-03,-1.200E-01
6.0661E-01,4.400E-03,-1.200E-01
6.0671E-01,2.800E-03,-1.200E-01
6.0681E-01,3.600E-03,-1.200E-01
6.0691E-01,4.400E-03,-1.400E-01
6.0701E-01,3.600E-03,-1.000E-01
6.0711E-01,3.600E-03,-1.200E-01
6.0721E-01,2.800E-03,-1.000E-01
6.0731E-01,2.800E-03,-1.200E-01
6.0741E-01,2.800E-03,-1.400E-01
6.0751E-01,2.000E-03,-1.000E-01
6.0761E-01,3.600E-03,-1.200E-01
6.0771E-01,4.400E-03,-1.200E-01
6.0781E-01,3.600E-03,-1.200E-01
6.0791E-01,3.600E-03,-1.000E-01
6.0801E-01,3.600E-03,-1.200E-01
6.0811E-01,5.200E-03,-1.000E-01
6.0821E-01,2.800E-03,-1.000E-01
6.0831E-01,2.800E-03,-1.200E-01
6.0841E-01,3.600E-03,-1.200E-01
6.0851E-01,3.600E-03,-1.000E-01
6.0861E-01,3.600E-03,-1.200E-01
6.0871E-01,3.600E-03,-1.400E-01
6.0881E-01,3.600E-03,-1.200E-01
6.0891E-01,3.600E-03,-1.200E-01
6.0901E-01,4.400E-03,-1.000E-01
6.0911E-01,4.400E-03,-1.200E-01
6.0921E-01,2.800E-03,-1.400E-01
6.0931E-01,4.400E-03,-1.600E-01
6.0941E-01,4.400E-03,-1.400E-01
6.0951E-01,3.600E-03,-1.000E-01
6.0961E-01,4.400E-03,-1.200E-01
6.0971E-01,2.800E-03,-1.200E-01
6.0981E-01,2.800E-03,-1.200E-01
6.0991E-01,3.600E-03,-1.200E-01
6.1001E-01,2.800E-03,-1.400E-01
6.1011E-01,2.800E-03,-1.400E-01
6.1021E-01,3.600E-03,-1.200E-01
6.1031E-01,2.800E-03,-1.200E-01
6.1041E-01,4.400E-03,-1.600E-01
6.1051E-01,3.600E-03,-1.400E-01
6.1061E-01,3.600E-03,-1.400E-01
6.1071E-01,3.600E-03,-1.000E-01
6.1081E-01,2.800E-03,-1.400E-01
6.1091E-01,2.000E-03,-1.400E-01
6.1101E-01,2.800E-03,-1.400E-01
6.1111E-01,3.600E-03,-1.400E-01
6.1121E-01,4.400E-03,-1.200E-01
6.1131E-01,2.000E-03,-1.400E-01
6.1141E-01,2.800E-03,-1.200E-01
6.1151E-01,2.000E-03,-1.400E-01
6.1161E-01,2.800E-03,-1.400E-01
6.1171E-01,3.600E-03,-1.400E-01
6.1181E-01,2.000E-03,-1.400E-01
6.1191E-01,2.000E-03,-1.600E-01
6.1201E-01,2.000E-03,-1.600E-01
6.1211E-01,2.800E-03,-1.400E-01
6.1221E-01,2.800E-03,-1.200E-01
6.1231E-01,3.600E-03,-1.200E-01
6.1241E-01,3.600E-03,-1.400E-01
6.1251E-01,3.600E-03,-1.400E-01
6.1261E-01,2.800E-03,-1.200E-01
6.1271E-01,2.000E-03,-1.600E-01
6.1281E-01,2.800E-03,-1.400E-01
6.1291E-01,3.600E-03,-1.200E-01
6.1301E-01,3.600E-03,-1.400E-01
6.1311E-01,3.600E-03,-1.400E-01
6.1321E-01,3.600E-03,-1.400E-01
6.1331E-01,2.800E-03,-1.600E-01
6.1341E-01,3.600E-03,-1.400E-01
6.1351E-01,2.800E-03,-1.000E-01
6.1361E-01,2.800E-03,-1.400E-01
6.1371E-01,2.800E-03,-1.200E-01
6.1381E-01,3.600E-03,-1.400E-01
6.1391E-01,2.800E-03,-1.400E-01
6.1401E-01,2.800E-03,-1.800E-01
6.1411E-01,2.800E-03,-1.400E-01
6.1421E-01,2.800E-03,-1.200E-01
6.1431E-01,2.800E-03,-1.200E-01
6.1441E-01,3.600E-03,-1.400E-01
6.1451E-01,4.400E-03,-1.400E-01
6.1461E-01,3.600E-03,-1.200E-01
6.1471E-01,3.600E-03,-1.400E-01
6.1481E-01,4.400E-03,-1.400E-01
6.1491E-01,4.400E-03,-1.400E-01
6.1501E-01,3.600E-03,-1.400E-01
6.1511E-01,4.400E-03,-1.400E-01
6.1521E-01,3.600E-03,-1.600E-01
6.1531E-01,4.400E-03,-1.600E-01
6.1541E-01,4.400E-03,-1.200E-01
6.1551E-01,3.600E-03,-1.200E-01
6.1561E-01,2.800E-03,-1.200E-01
6.1571E-01,2.800E-03,-1.600E-01
6.1581E-01,2.800E-03,-1.800E-01
6.1591E-01,2.000E-03,-1.400E-01
6.1601E-01,2.800E-03,-1.600E-01
6.1611E-01,2.800E-03,-1.400E-01
6.1621E-01,3.600E-03,-1.400E-01
6.1631E-01,2.800E-03,-1.600E-01
6.1641E-01,4.400E-03,-1.400E-01
6.1651E-01,3.600E-03,-1.600E-01
6.1661E-01,2.800E-03,-1.400E-01
6.1671E-01,2.800E-03,-1.600E-01
6.1681E-01,2.800E-03,-1.600E-01
6.1691E-01,2.800E-03,-1.600E-01
6.1701E-01,5.200E-03,-1.600E-01
6.1711E-01,4.400E-03,-1.600E-01
6.1721E-01,2.800E-03,-1.400E-01
6.1731E-01,3.600E-03,-1.600E-01
6.1741E-01,2.800E-03,-1.600E-01
6.1751E-01,2.800E-03,-1.600E-01
6.1761E-01,3.600E-03,-1.800E-01
6.1771E-01,2.800E-03,-1.600E-01
6.1781E-01,3.600E-03,-2.000E-01
6.1791E-01,2.800E-03,-1.400E-01
6.1801E-01,2.000E-03,-1.400E-01
6.1811E-01,2.800E-03,-1.400E-01
6.1821E-01,3.600E-03,-1.600E-01
6.1831E-01,4.400E-03,-1.800E-01
6.1841E-01,2.000E-03,-1.600E-01
6.1851E-01,2.800E-03,-1.800E-01
6.1861E-01,2.800E-03,-1.800E-01
6.1871E-01,3.600E-03,-1.600E-01
6.1881E-01,3.600E-03,-1.800E-01
6.1891E-01,2.000E-03,-1.800E-01
6.1901E-01,2.800E-03,-1.600E-01
6.1911E-01,4.400E-03,-1.800E-01
6.1921E-01,2.800E-03,-1.600E-01
6.1931E-01,2.000E-03,-1.400E-01
6.1941E-01,2.000E-03,-1.800E-01
6.1951E-01,3.600E-03,-1.800E-01
6.1961E-01,2.800E-03,-1.600E-01
6.1971E-01,2.800E-03,-1.600E-01
6.1981E-01,4.400E-03,-1.600E-01
6.1991E-01,3.600E-03,-1.600E-01
6.2001E-01,2.000E-03,-1.600E-01
6.2011E-01,3.600E-03,-1.600E-01
6.2021E-01,3.600E-03,-1.800E-01
6.2031E-01,4.400E-03,-1.600E-01
6.2041E-01,4.400E-03,-2.000E-01
6.2051E-01,3.600E-03,-2.000E-01
6.2061E-01,2.000E-03,-1.800E-01
6.2071E-01,2.800E-03,-1.600E-01
6.2081E-01,3.600E-03,-1.600E-01
6.2091E-01,2.800E-03,-2.000E-01
6.2101E-01,3.600E-03,-1.600E-01
6.2111E-01,3.600E-03,-1.800E-01
6.2121E-01,4.400E-03,-1.600E-01
6.2131E-01,3.600E-03,-1.600E-01
6.2141E-01,3.600E-03,-1.800E-01
6.2151E-01,2.800E-03,-1.600E-01
6.2161E-01,2.800E-03,-2.200E-01
6.2171E-01,-1.800E-01
6.2181E-01,-1.600E-01
6.2191E-01,-1.400E-01
6.2201E-01,-2.200E-01
6.2211E-01,-1.800E-01
6.2221E-01,-2.000E-01
6.2231E-01,-1.600E-01
6.2241E-01,-2.000E-01
6.2251E-01,-1.800E-01
6.2261E-01,-1.800E-01
6.2271E-01,-1.800E-01
6.2281E-01,-2.000E-01
6.2291E-01,-1.600E-01
6.2301E-01,-1.800E-01
6.2312E-01,-1.800E-01
6.2322E-01,-1.600E-01
